domain,name,value,path,expires_utc,secure,httpOnly,creation_time,browser,timestamp
.3lift.com,receive-cookie-deprecation,,/,13428324881621473,1,1,13420548455992858,Edge,29/4/2026 21:33
.3lift.com,receive-cookie-deprecation,,/,13429094875460499,1,1,13421318857483729,Edge,29/4/2026 21:33
.3lift.com,receive-cookie-deprecation,,/,13428323808936447,1,1,13420547756041329,Edge,29/4/2026 21:33
.3lift.com,receive-cookie-deprecation,,/,13429114963880385,1,1,13421338808307262,Edge,29/4/2026 21:33
.a-mo.net,pamuid2,,/,13452084882470994,1,1,13420548463553758,Edge,29/4/2026 21:33
.a-mo.net,pamuid2,,/,13429620368933880,1,1,13398084299324670,Edge,29/4/2026 21:33
.a-mo.net,pamuid2,,/,13452875100029912,1,1,13421339083219492,Edge,29/4/2026 21:33
.a-mo.net,pamuid2,,/,13429620123746843,1,1,13398084122700442,Edge,29/4/2026 21:33
.a-mo.net,pamuid2,,/,13452874959116717,1,1,13421338809644869,Edge,29/4/2026 21:33
.a-mo.net,pamuid2,,/,13452083535260079,1,1,13420547525191122,Edge,29/4/2026 21:33
.a-mx.com,amdt_t,,/,13429620312536814,1,1,13398084309660107,Edge,29/4/2026 21:33
.a-mx.com,amdt_t_p,,/,13453217199675885,1,1,13421681199675885,Edge,29/4/2026 21:33
.a-mx.com,amdt_t_p,,/,13452875094176560,1,1,13421339094176560,Edge,29/4/2026 21:33
.a-mx.com,amdt_t_p,,/,13452874817955503,1,1,13421338817955503,Edge,29/4/2026 21:33
.a-mx.com,amdt_t_p,,/,13452083531143884,1,1,13420547531143884,Edge,29/4/2026 21:33
.a-mx.com,amuid2,,/,13429620312536918,1,1,13398084309660240,Edge,29/4/2026 21:33
.a-mx.com,amuid2_p,,/,13453217199675700,1,1,13421681199466246,Edge,29/4/2026 21:33
.a-mx.com,amuid2_p,,/,13452875094176404,1,1,13421339094176404,Edge,29/4/2026 21:33
.a-mx.com,amuid2_p,,/,13452874817955378,1,1,13421338817632017,Edge,29/4/2026 21:33
.a-mx.com,amuid2_p,,/,13452083531143648,1,1,13420547529347526,Edge,29/4/2026 21:33
.a-mx.com,pamdt_t,,/,13429620312536940,1,1,13398084309660268,Edge,29/4/2026 21:33
.a-mx.com,pamuid2,,/,13429620312536967,1,1,13398084309660300,Edge,29/4/2026 21:33
.a.usbrowserspeed.com,tuid,,/,13429620086791358,1,1,13398084086791358,Edge,29/4/2026 21:33
.about.gitlab.com,mutiny.user.token,,/,13425973340149764,0,0,13391413340149812,Edge,29/4/2026 21:33
.accounts.x.ai,OptanonAlertBoxClosed,,/,13453195623000000,0,0,13421659623416968,Edge,29/4/2026 21:33
.accounts.x.ai,OptanonConsent,,/,13453215768000000,0,0,13421679768519662,Edge,29/4/2026 21:33
.adbro.me,uid,,/,13429620118894444,1,0,13398084119894444,Edge,29/4/2026 21:33
.admaster.cc,__mguid_,,/,13452873996624233,1,0,13421337996624233,Edge,29/4/2026 21:33
.admatic.de,uid,,/,13423139533541324,1,0,13420547533541324,Edge,29/4/2026 21:33
.adnxs.com,XANDR_PANID,,/,13428235136111179,1,0,13420459131820359,Edge,29/4/2026 21:33
.adnxs.com,XANDR_PANID,,/,13429441461571445,1,0,13421665458442748,Edge,29/4/2026 21:33
.adnxs.com,XANDR_PANID,,/,13429445113296953,1,0,13421669112206323,Edge,29/4/2026 21:33
.adnxs.com,XANDR_PANID,,/,13429442813685063,1,0,13421666813685063,Edge,29/4/2026 21:33
.adnxs.com,XANDR_PANID,,/,13428235932329801,1,0,13420459122135596,Edge,29/4/2026 21:33
.adnxs.com,XANDR_PANID,,/,13428324773126387,1,0,13420548488312860,Edge,29/4/2026 21:33
.adnxs.com,XANDR_PANID,,/,13429460428607081,1,0,13421679873323113,Edge,29/4/2026 21:33
.adnxs.com,XANDR_PANID,,/,13429445084063037,1,0,13421669084063037,Edge,29/4/2026 21:33
.adnxs.com,XANDR_PANID,,/,13429115099334001,1,0,13421337829191831,Edge,29/4/2026 21:33
.adnxs.com,XANDR_PANID,,/,13428235133213800,1,0,13420459133213800,Edge,29/4/2026 21:33
.adnxs.com,XANDR_PANID,,/,13428323833588440,1,0,13420547756617439,Edge,29/4/2026 21:33
.adnxs.com,XANDR_PANID,,/,13429114820721834,1,0,13421338813783810,Edge,29/4/2026 21:33
.adnxs.com,XANDR_PANID,,/,13428323534717725,1,0,13420547523341935,Edge,29/4/2026 21:33
.adnxs.com,anj,,/,13429459181737275,1,1,13421683181737275,Edge,29/4/2026 21:33
.adnxs.com,icu,,/,13429459181737407,1,1,13421683181737407,Edge,29/4/2026 21:33
.adnxs.com,uids,,/,13429457205235200,1,1,13421681205235200,Edge,29/4/2026 21:33
.adnxs.com,usersync,,/,13429441258122791,1,0,13421665258122926,Edge,29/4/2026 21:33
.adnxs.com,uuid2,,/,13429460428607325,1,1,13421679873323513,Edge,29/4/2026 21:33
.ads.google.com,_ga,,/,13426938430698505,0,0,13392378430698570,Edge,29/4/2026 21:33
.ads.google.com,_ga_J51Y85KVRZ,,/,13426938431422863,0,0,13392378431422919,Edge,29/4/2026 21:33
.adsdkprod.azureedge.net,__gads,,/,13455375408000000,1,0,13421683943216839,Edge,29/4/2026 21:33
.adsdkprod.azureedge.net,__gpi,,/,13455375408000000,1,0,13421683943217092,Edge,29/4/2026 21:33
.adtarget.biz,uid,,/,13423139526994393,1,0,13420547526994393,Edge,29/4/2026 21:33
.adtarget.biz,uids,,/,13423139527000000,1,0,13420547527681921,Edge,29/4/2026 21:33
.adtonos.com,ulid,,/,13452850730150862,1,1,13420548555378749,Edge,29/4/2026 21:33
.adventori.com,sync_16248314,,/,13429090759392512,1,0,13421314759392512,Edge,29/4/2026 21:33
.adventori.com,tk_ui,,/,13429090759392346,1,0,13421314759392346,Edge,29/4/2026 21:33
.adventori.com,tk_ui_third,,/,13429090758755850,1,0,13421314758120345,Edge,29/4/2026 21:33
.advolve.io,x,,/,13452874814250661,1,1,13420547813315398,Edge,29/4/2026 21:33
.amazon-adsystem.com,ad-id,,/,13443283669940352,1,1,13421665456839549,Edge,29/4/2026 21:33
.amazon-adsystem.com,ad-privacy,,/,13456243669940540,1,1,13421665456839871,Edge,29/4/2026 21:33
.amazon.com,i18n-prefs,,/,13453219554219418,0,0,13421683554219418,Edge,29/4/2026 21:33
.amazon.com,lc-main,,/,13453219554219452,0,0,13421683554219452,Edge,29/4/2026 21:33
.amazon.com,session-id,,/,13453219554219176,1,0,13421683554219176,Edge,29/4/2026 21:33
.amazon.com,session-id-time,,/,13453219554219364,1,0,13421683554219364,Edge,29/4/2026 21:33
.amazon.com,session-token,,/,13453220272107419,1,0,13421684272107419,Edge,29/4/2026 21:33
.amazon.com,ubid-main,,/,13453219592144736,1,0,13421683592144736,Edge,29/4/2026 21:33
.amazon.sg,i18n-prefs,,/,13453215880177653,0,0,13421679880177653,Edge,29/4/2026 21:33
.amazon.sg,lc-acbsg,,/,13453215880177700,0,0,13421679880177700,Edge,29/4/2026 21:33
.amazon.sg,session-id,,/,13456239879145262,1,0,13421665453161445,Edge,29/4/2026 21:33
.amazon.sg,session-id-time,,/,13456239879145584,1,0,13421679879145584,Edge,29/4/2026 21:33
.amazon.sg,session-token,,/,13453215880177449,1,0,13421679880177449,Edge,29/4/2026 21:33
.amazon.sg,sst-acbsg,,/,13453215879146071,1,1,13421679879146071,Edge,29/4/2026 21:33
.amazon.sg,ubid-acbsg,,/,13453215849993337,1,0,13421665467677487,Edge,29/4/2026 21:33
.amx1.net,amuid2,,/,13453217202374425,1,1,13420547528024866,Edge,29/4/2026 21:33
.amx1.net,pamuid2,,/,13453217202374567,1,1,13421681174978546,Edge,29/4/2026 21:33
.amx1.net,pamuid2,,/,13452875099883361,1,1,13421337835251091,Edge,29/4/2026 21:33
.amx1.net,pamuid2,,/,13452874816724654,1,1,13421338810402781,Edge,29/4/2026 21:33
.amx1.net,pamuid2,,/,13452083533284342,1,1,13420547528025131,Edge,29/4/2026 21:33
.analyticspixel.microsoft.com,MR,,/,13422288418994094,1,0,13421683618994094,Edge,29/4/2026 21:33
.answers.sg,XSRF-TOKEN,,/,13432644302186278,1,0,13398084302186278,Edge,29/4/2026 21:33
.answers.sg,_ga,,/,13432644308664799,1,0,13398084308664859,Edge,29/4/2026 21:33
.answers.sg,_ga_3FXJT88GPR,,/,13432644308663238,1,0,13398084308663302,Edge,29/4/2026 21:33
.answers.sg,answerssg_session,,/,13432644302186384,1,0,13398084302186384,Edge,29/4/2026 21:33
.ardenstrategies.com,cf_clearance,,/,13452084003176869,1,1,13420548003176869,Edge,29/4/2026 21:33
.aso1.net,_uid,,/,13452850806305250,1,1,13421314806305250,Edge,29/4/2026 21:33
.auth.wikimedia.org,WMF-Uniq,,/,13429584075360588,1,1,13398084021360588,Edge,29/4/2026 21:33
.bat.bing.com,MR,,/,13422264360434771,1,0,13421659560434771,Edge,29/4/2026 21:33
.biano.ro,FPID,,/,13455897074448188,1,1,13421337074448188,Edge,29/4/2026 21:33
.biano.ro,_biano,,/,13455897074448127,1,0,13421337074448127,Edge,29/4/2026 21:33
.biano.ro,utm_campaign,,/,13423929076000000,0,0,13421337076524260,Edge,29/4/2026 21:33
.biano.ro,utm_medium,,/,13423929076000000,0,0,13421337076524209,Edge,29/4/2026 21:33
.biano.ro,utm_source,,/,13423929076000000,0,0,13421337076524077,Edge,29/4/2026 21:33
.bidgx.com,_uid,,/,13452850727840610,1,1,13421314727840610,Edge,29/4/2026 21:33
.bids.ws,uids,,/,13429114219008540,1,0,13421338219008540,Edge,29/4/2026 21:33
.bing.com,.MSA.Auth,,/,13421776065927217,1,1,13421689665927217,Edge,29/4/2026 21:33
.bing.com,ANON,,/,13436033940541197,1,0,13421691539541197,Edge,29/4/2026 21:33
.bing.com,BCP,,/,13452873496940788,1,0,13420913129998845,Edge,29/4/2026 21:33
.bing.com,BFBUSR,,/,13432644032537007,1,0,13398084032537027,Edge,29/4/2026 21:33
.bing.com,GC,,/,13421842063259470,1,0,13421755663259470,Edge,29/4/2026 21:33
.bing.com,MMCASM,,/,13431511098566692,1,0,13396951098566692,Edge,29/4/2026 21:33
.bing.com,MSCCSC,,/,13426073068000000,1,0,13392377068306750,Edge,29/4/2026 21:33
.bing.com,MSPTC,,/,13425109346380960,1,0,13391413346380960,Edge,29/4/2026 21:33
.bing.com,MUID,,/,13455355560434447,1,0,13391413093741054,Edge,29/4/2026 21:33
.bing.com,MUIDB,,/,13455363426926792,0,1,13421667425926792,Edge,29/4/2026 21:33
.bing.com,NAP,,/,13436033940541553,1,0,13420459121163100,Edge,29/4/2026 21:33
.bing.com,SRCHD,,/,13425109189301091,1,0,13391413189301091,Edge,29/4/2026 21:33
.bing.com,SRCHHPGUSR,,/,13456315662826608,1,0,13421755662826698,Edge,29/4/2026 21:33
.bing.com,SRCHUID,,/,13425109189301107,1,0,13391413189301107,Edge,29/4/2026 21:33
.bing.com,SRCHUSR,,/,13432644339024580,1,0,13398084339024580,Edge,29/4/2026 21:33
.bing.com,USRLOC,,/,13456315657796840,1,1,13421755657796840,Edge,29/4/2026 21:33
.bing.com,_BINGNEWS,,/,13455107609470894,1,0,13420547609470938,Edge,29/4/2026 21:33
.bing.com,_HPVN,,/,13432644032849269,1,0,13398084032849269,Edge,29/4/2026 21:33
.bing.com,_IDET,,/images,13432644347044725,1,0,13398084347044783,Edge,29/4/2026 21:33
.bing.com,_RwBf,,/,13456315662666685,1,0,13421755662666685,Edge,29/4/2026 21:33
.bing.com,_U,,/,13422899265928017,1,0,13421689665928017,Edge,29/4/2026 21:33
.bing.com,_UR,,/,13432644032536613,1,0,13398084032530263,Edge,29/4/2026 21:33
.bing.com,_clck,,/,13452083609000000,0,0,13420547609234552,Edge,29/4/2026 21:33
.bing.com,_uetmsclkid,,/,13429435560000000,0,0,13421659560323435,Edge,29/4/2026 21:33
.bing.com,_uetvid,,/,13455355560000000,0,0,13421659560319352,Edge,29/4/2026 21:33
.bing.com,ak_bmsc,,/,13421762856532601,0,1,13421755656532601,Edge,29/4/2026 21:33
.bizible.com,_BUID,,/,13422949344791533,1,0,13391413344791533,Edge,29/4/2026 21:33
.bricks-co.com,sync_expire,,/,13455107535136776,1,0,13420547535136776,Edge,29/4/2026 21:33
.bricks-co.com,uids_adnxs,,/,13455107532439453,1,0,13420547532439453,Edge,29/4/2026 21:33
.bricks-co.com,uids_onetag,,/,13455107532354706,1,0,13420547532354706,Edge,29/4/2026 21:33
.bricks-co.com,uids_smartadserver,,/,13455107532324000,1,0,13420547532324000,Edge,29/4/2026 21:33
.bricks-co.com,uids_smilewanted,,/,13455107535137122,1,0,13420547535137122,Edge,29/4/2026 21:33
.bricks-co.com,uids_unruly,,/,13455107532822642,1,0,13420547532822642,Edge,29/4/2026 21:33
.c.bing.com,MR,,/,13421919518749665,1,0,13421314718749665,Edge,29/4/2026 21:33
.c.bing.com,SRA_B,,/,13436033940541430,1,0,13420459121163008,Edge,29/4/2026 21:33
.c.bing.com,SRA_I,,/,13436022533282146,1,0,13421680132282146,Edge,29/4/2026 21:33
.c.bing.com,SRA_L,,/,13436011121163066,1,0,13420459121163066,Edge,29/4/2026 21:33
.c.bing.com,SRA_M,,/,13436033940541497,1,0,13420459404992891,Edge,29/4/2026 21:33
.c.bing.com,SRM_B,,/,13455376133281378,1,0,13391413093741388,Edge,29/4/2026 21:33
.c.bing.com,SRM_I,,/,13455376133281804,1,0,13421680132281804,Edge,29/4/2026 21:33
.c.bing.com,SRM_L,,/,13454155121163291,1,0,13420459121163291,Edge,29/4/2026 21:33
.c.bing.com,SRM_M,,/,13455010718749793,1,0,13391413093741437,Edge,29/4/2026 21:33
.c.clarity.ms,MR,,/,13422273917924902,1,0,13421669117924902,Edge,29/4/2026 21:33
.c.live.com,SRM_L,,/,13454155121251955,1,0,13420459121251955,Edge,29/4/2026 21:33
.c.msn.com,MR,,/,13421919518942966,1,0,13421314718942966,Edge,29/4/2026 21:33
.c.msn.com,SRM_M,,/,13455010718942866,1,0,13391413093963550,Edge,29/4/2026 21:33
.c1.microsoft.com,MR,,/,13422284932505522,1,0,13421680132505522,Edge,29/4/2026 21:33
.c1.microsoft.com,SRM_I,,/,13455376132505483,1,0,13421680132505483,Edge,29/4/2026 21:33
.cbx-rtb.com,llum,,/,13429620311529888,1,0,13398084311529888,Edge,29/4/2026 21:33
.channelnewsasia.com,AMCV_B464317853A9C8390A490D4E%40AdobeOrg,,/,13456229110220098,0,0,13421669110220200,Edge,29/4/2026 21:33
.channelnewsasia.com,FCCDCF,,/,13455365112000000,0,0,13421669112796637,Edge,29/4/2026 21:33
.channelnewsasia.com,FCNEC,,/,13453205113000000,0,0,13421669113840823,Edge,29/4/2026 21:33
.channelnewsasia.com,MeID_Seg,,/,13453205110000000,1,0,13421669110681830,Edge,29/4/2026 21:33
.channelnewsasia.com,UID,,/,13453205109000000,1,0,13421669109337338,Edge,29/4/2026 21:33
.channelnewsasia.com,_cb,,/,13455797226000000,1,0,13421669117615100,Edge,29/4/2026 21:33
.channelnewsasia.com,_cc_id,,/,13444997113000000,0,0,13421669113809766,Edge,29/4/2026 21:33
.channelnewsasia.com,_chartbeat2,,/,13455797226000000,1,0,13421669226800360,Edge,29/4/2026 21:33
.channelnewsasia.com,_clck,,/,13453205112000000,0,0,13421669112298631,Edge,29/4/2026 21:33
.channelnewsasia.com,_clsk,,/,13421755627000000,0,0,13421669227397886,Edge,29/4/2026 21:33
.channelnewsasia.com,_fbp,,/,13429445229000000,0,0,13421669111868868,Edge,29/4/2026 21:33
.channelnewsasia.com,_ga,,/,13456229226631901,0,0,13421669110336872,Edge,29/4/2026 21:33
.channelnewsasia.com,_ga_M37SY0BV84,,/,13456229227690027,0,0,13421669227690095,Edge,29/4/2026 21:33
.channelnewsasia.com,_gcl_au,,/,13429445109000000,0,0,13421669109110689,Edge,29/4/2026 21:33
.channelnewsasia.com,_gid,,/,13421755626000000,0,0,13421669110338006,Edge,29/4/2026 21:33
.channelnewsasia.com,_pubcid,,/,13444997113000000,0,0,13421669113502644,Edge,29/4/2026 21:33
.channelnewsasia.com,_rdt_uuid,,/,13429445110000000,1,0,13421669110442197,Edge,29/4/2026 21:33
.channelnewsasia.com,_scor_uid,,/,13455365226000000,1,0,13421669112243170,Edge,29/4/2026 21:33
.channelnewsasia.com,_uetsid,,/,13421755626000000,0,0,13421669226690963,Edge,29/4/2026 21:33
.channelnewsasia.com,_uetvid,,/,13455365226000000,0,0,13421669226693374,Edge,29/4/2026 21:33
.channelnewsasia.com,adtechTargetingKeys,,/,13453205110000000,1,0,13421669110682080,Edge,29/4/2026 21:33
.channelnewsasia.com,panoramaId,,/,13421755509000000,0,0,13421669113810422,Edge,29/4/2026 21:33
.channelnewsasia.com,panoramaIdType,,/,13421755509000000,0,0,13421669113811033,Edge,29/4/2026 21:33
.channelnewsasia.com,panoramaId_expiry,,/,13421755509000000,0,0,13421669113810195,Edge,29/4/2026 21:33
.channelnewsasia.com,s_nr,,/,13424261226000000,0,0,13421669226895802,Edge,29/4/2026 21:33
.clarity.ms,ANON,,/,13436013209914234,1,0,13420547609914234,Edge,29/4/2026 21:33
.clarity.ms,MUID,,/,13455365117924709,1,0,13398084105926576,Edge,29/4/2026 21:33
.clarity.ms,NAP,,/,13436013209914555,1,0,13420547609914555,Edge,29/4/2026 21:33
.claude.ai,CH-prefers-color-scheme,,/,13453227600590120,1,0,13421683028481837,Edge,29/4/2026 21:33
.claude.ai,__ssid,,/,13456243065978269,0,0,13421683065978367,Edge,29/4/2026 21:33
.claude.ai,_fbp,,/,13456242976724309,1,0,13421682976724309,Edge,29/4/2026 21:33
.claude.ai,_gcl_au,,/,13429459056000000,0,0,13421683055930114,Edge,29/4/2026 21:33
.claude.ai,ajs_anonymous_id,,/,13453227600532147,1,0,13421691540538669,Edge,29/4/2026 21:33
.claude.ai,cf_clearance,,/,13453227610796780,1,1,13421691610796780,Edge,29/4/2026 21:33
.claude.ai,lastActiveOrg,,/,13453219319855422,1,0,13421683319855444,Edge,29/4/2026 21:33
.claude.ai,user-sidebar-pinned,,/,13453227085614298,1,0,13421684959247206,Edge,29/4/2026 21:33
.claude.ai,user-sidebar-visible-on-load,,/,13453219323166049,1,0,13421683323166070,Edge,29/4/2026 21:33
.cnn.com,OptanonAlertBoxClosed,,/,13452449327000000,1,0,13420913327228302,Edge,29/4/2026 21:33
.cnn.com,OptanonConsent,,/,13452449329000000,1,0,13420913329440172,Edge,29/4/2026 21:33
.cnn.com,OptanonControl,,/,13452449329000000,1,0,13420913327917844,Edge,29/4/2026 21:33
.cnn.com,__eoi,,/,13436465326000000,1,0,13420913328023494,Edge,29/4/2026 21:33
.cnn.com,__pat,,/,13423505329000000,0,0,13420913321485476,Edge,29/4/2026 21:33
.cnn.com,__tbc,,/,13455473329768908,0,0,13420913329768970,Edge,29/4/2026 21:33
.cnn.com,_pcid,,/,13455041329000000,1,0,13420913320835669,Edge,29/4/2026 21:33
.cnn.com,_pctx,,/,13455041329000000,1,0,13420913320819049,Edge,29/4/2026 21:33
.cnn.com,_pcus,,/,13455041329000000,1,0,13420913329771500,Edge,29/4/2026 21:33
.cnn.com,cX_G,,/,13455041325000000,1,0,13420913325480159,Edge,29/4/2026 21:33
.cnn.com,cX_P,,/,13455041329000000,1,0,13420913322418340,Edge,29/4/2026 21:33
.cnn.com,eupubconsent-v2,,/,13452449327000000,1,0,13420913327281985,Edge,29/4/2026 21:33
.cnn.com,xbc,,/,13455473329771282,0,0,13420913329771307,Edge,29/4/2026 21:33
.cnn.io,_sp_id.80cc,,/,13452452383000000,1,0,13420916383264466,Edge,29/4/2026 21:33
.company-target.com,tuuid,,/,13454673496892646,1,1,13398084065302863,Edge,29/4/2026 21:33
.company-target.com,tuuid_lu,,/,13454673496892754,1,1,13420459096892754,Edge,29/4/2026 21:33
.contextweb.com,VP,,/,13452418732282305,1,0,13421314732282305,Edge,29/4/2026 21:33
.contextweb.com,VP,,/,13429188322239980,1,0,13398084322239980,Edge,29/4/2026 21:33
.contextweb.com,VP,,/,13452422879757401,1,0,13421318879757401,Edge,29/4/2026 21:33
.contextweb.com,VP,,/,13452443087719322,1,0,13421337835510266,Edge,29/4/2026 21:33
.contextweb.com,VP,,/,13451651811416129,1,0,13420547811416129,Edge,29/4/2026 21:33
.contextweb.com,VP,,/,13428245581253214,1,0,13397141581253214,Edge,29/4/2026 21:33
.contextweb.com,VP,,/,13429188220289410,1,0,13398084098340130,Edge,29/4/2026 21:33
.contextweb.com,VP,,/,13452442821588714,1,0,13421338821588714,Edge,29/4/2026 21:33
.contextweb.com,pb_rtb_ev_part,,/,13429620322240086,1,0,13398084322240086,Edge,29/4/2026 21:33
.contextweb.com,pb_rtb_ev_part,,/,13452854879757508,1,0,13421318879757508,Edge,29/4/2026 21:33
.contextweb.com,pb_rtb_ev_part,,/,13452875087719521,1,0,13421338220810510,Edge,29/4/2026 21:33
.contextweb.com,pb_rtb_ev_part,,/,13452083811416296,1,0,13420547811416296,Edge,29/4/2026 21:33
.contextweb.com,pb_rtb_ev_part,,/,13429620220289509,1,0,13398084220289509,Edge,29/4/2026 21:33
.contextweb.com,pb_rtb_ev_part,,/,13452874821588902,1,0,13421338821588902,Edge,29/4/2026 21:33
.copper6.com,co_key,,/,13422548692362412,1,0,13421338218805038,Edge,29/4/2026 21:33
.copper6.com,co_red,,/,13422548692362574,1,0,13421338411305102,Edge,29/4/2026 21:33
.creativecdn.com,c,,/,13453202812925408,1,0,13421666812925408,Edge,29/4/2026 21:33
.creativecdn.com,c,,/,13453205083136105,1,0,13421669083136105,Edge,29/4/2026 21:33
.creativecdn.com,ts,,/,13453205113184266,1,0,13421669113184266,Edge,29/4/2026 21:33
.creativecdn.com,ts,,/,13453202812925555,1,0,13421666812925555,Edge,29/4/2026 21:33
.creativecdn.com,ts,,/,13429620318139610,1,0,13398084318139610,Edge,29/4/2026 21:33
.creativecdn.com,ts,,/,13453205083136223,1,0,13421669083136223,Edge,29/4/2026 21:33
.creativecdn.com,ts,,/,13452875100710092,1,0,13421339099788425,Edge,29/4/2026 21:33
.creativecdn.com,ts,,/,13452083816314773,1,0,13420547816314773,Edge,29/4/2026 21:33
.creativecdn.com,ts,,/,13429620219661341,1,0,13398084219661341,Edge,29/4/2026 21:33
.creativecdn.com,ts,,/,13452874816149045,1,0,13421338815515627,Edge,29/4/2026 21:33
.creativecdn.com,ts,,/,13452083534928322,1,0,13420547534926640,Edge,29/4/2026 21:33
.crwdcntrl.net,_cc_aud,,/,13444997113799283,1,0,13421669113799283,Edge,29/4/2026 21:33
.crwdcntrl.net,_cc_cc,,/,13444997113799173,1,0,13421669113799173,Edge,29/4/2026 21:33
.crwdcntrl.net,_cc_dc,,/,13444995664798789,1,0,13421669113798789,Edge,29/4/2026 21:33
.crwdcntrl.net,_cc_id,,/,13444995664900122,1,0,13398084054336130,Edge,29/4/2026 21:33
.cs.amx1.net,psd_amuid2,,/,13453217174978600,1,1,13421681174978600,Edge,29/4/2026 21:33
.cs.amx1.net,sd_amuid2,,/,13453217174978645,1,1,13421681174978645,Edge,29/4/2026 21:33
.d41.co,D41ID,,/,13429620215671916,1,0,13398084083453750,Edge,29/4/2026 21:33
.dable.io,uid,,/,13455019407068246,1,0,13420459407068246,Edge,29/4/2026 21:33
.disqus.com,zeta-ssp-user-id,,/,13426523098879570,1,0,13398084310051184,Edge,29/4/2026 21:33
.dnacdn.net,browser_data,,/,13455365083187869,1,0,13421669083187869,Edge,29/4/2026 21:33
.doubleclick.net,IDE,,/,13455014858472615,1,1,13421681422472615,Edge,29/4/2026 21:33
.dxtech.ai,mtuid,,/,13436099531501013,1,0,13420547531501013,Edge,29/4/2026 21:33
.emis.com,__hs_opt_out,,/,13436876410000000,0,0,13421324410378726,Edge,29/4/2026 21:33
.emis.com,_fbp,,/,13429113281000000,0,0,13421324398455536,Edge,29/4/2026 21:33
.emis.com,_ga,,/,13455897281333080,0,0,13421337281333177,Edge,29/4/2026 21:33
.emis.com,_ga_GHT26D23JL,,/,13455908509436809,0,0,13421348509436862,Edge,29/4/2026 21:33
.emis.com,_gcl_au,,/,13429100395000000,0,0,13421324395259058,Edge,29/4/2026 21:33
.emis.com,_twpid,,/,13455020397067343,1,0,13421324397067425,Edge,29/4/2026 21:33
.emis.com,wisepops,,/,13455884423027527,0,0,13421324423027556,Edge,29/4/2026 21:33
.emis.com,wisepops_visitor,,/,13455884422238663,0,0,13421324422238682,Edge,29/4/2026 21:33
.emis.com,wisepops_visits,,/,13455884398052479,0,0,13421324398052504,Edge,29/4/2026 21:33
.etrade.com,_rtagid,,/,13456239544687558,1,0,13421679544687558,Edge,29/4/2026 21:33
.etrade.com,_rtagid__p,,/,13456239544687395,1,0,13421679544687395,Edge,29/4/2026 21:33
.euw2-cs.amx1.net,psd_amuid2,,/,13452875099883426,1,1,13421337835251144,Edge,29/4/2026 21:33
.euw2-cs.amx1.net,psd_amuid2,,/,13452874816724784,1,1,13421338810402814,Edge,29/4/2026 21:33
.euw2-cs.amx1.net,sd_amuid2,,/,13452875099883490,1,1,13421337835251208,Edge,29/4/2026 21:33
.ex.co,exco-uid,,/,13423139818333527,1,0,13420547818333527,Edge,29/4/2026 21:33
.eyeota.net,mako_uid,,/,13453205112874217,1,1,13421669112874217,Edge,29/4/2026 21:33
.fluctssp.smt.docomo.ne.jp,appnexus,,/,13455874773219871,1,0,13421314772857996,Edge,29/4/2026 21:33
.getyourguide.com,FPAU,,/,13429442814558232,1,0,13421666810558232,Edge,29/4/2026 21:33
.getyourguide.com,FPGCLDC,,/,13429442810558119,1,0,13421666810558119,Edge,29/4/2026 21:33
.getyourguide.com,FPID,,/,13456226837566934,1,1,13421666810162458,Edge,29/4/2026 21:33
.getyourguide.com,__rtbh.ssgtm.aid,,/,13456226809930118,0,0,13421666809930212,Edge,29/4/2026 21:33
.getyourguide.com,_fbp,,/,13429442837000000,0,0,13421666810933596,Edge,29/4/2026 21:33
.getyourguide.com,_ga,,/,13456226809706544,0,0,13421666809706597,Edge,29/4/2026 21:33
.getyourguide.com,_ga_BJKL76S993,,/,13456228627731514,0,0,13421668627731609,Edge,29/4/2026 21:33
.getyourguide.com,_gcl_au,,/,13429442809000000,0,0,13421666809683056,Edge,29/4/2026 21:33
.getyourguide.com,_gcl_dc,,/,13429442808000000,0,0,13421666809675359,Edge,29/4/2026 21:33
.getyourguide.com,_gtmeec,,/,13429442812801132,1,1,13421666811141451,Edge,29/4/2026 21:33
.getyourguide.com,_hjSessionUser_318029,,/,13453202811000000,1,0,13421666811635595,Edge,29/4/2026 21:33
.getyourguide.com,_scid,,/,13453202810919447,1,0,13421666810919447,Edge,29/4/2026 21:33
.getyourguide.com,_uetmsclkid,,/,13429442837000000,0,0,13421666837344648,Edge,29/4/2026 21:33
.getyourguide.com,_uetvid,,/,13455362837000000,0,0,13421666837342087,Edge,29/4/2026 21:33
.getyourguide.com,ab.storage.deviceId.32b57c7b-1181-4973-9f07-79cdd6d2c403,,/,13456226808000000,0,0,13421666808627240,Edge,29/4/2026 21:33
.getyourguide.com,ab.storage.sessionId.32b57c7b-1181-4973-9f07-79cdd6d2c403,,/,13456228622000000,0,0,13421668622656726,Edge,29/4/2026 21:33
.getyourguide.com,crto_is_user_optout,,/,13421926011535498,1,0,13421666811535595,Edge,29/4/2026 21:33
.getyourguide.com,crto_mapped_user_id,,/,13421926011536944,1,0,13421666811537035,Edge,29/4/2026 21:33
.getyourguide.com,cto_bundle,,/,13455362811000000,0,0,13421666811249729,Edge,29/4/2026 21:33
.getyourguide.com,par_sess,,/,13424345206300213,1,0,13421666806300213,Edge,29/4/2026 21:33
.getyourguide.com,visitor_id,,/,13456226806845918,1,0,13421666806299996,Edge,29/4/2026 21:33
.getyourguide.com,visitor_last_seen_at,,/,13456226806846374,1,0,13421666806846374,Edge,29/4/2026 21:33
.github.com,_octo,,/,13422949350273364,1,0,13391413347273364,Edge,29/4/2026 21:33
.github.com,logged_in,,/,13422991407319142,1,1,13391455407319142,Edge,29/4/2026 21:33
.gitlab.com,OptanonConsent,,/,13422962605000000,0,0,13391426605134977,Edge,29/4/2026 21:33
.gitlab.com,_biz_flagsA,,/,13422949347000000,0,0,13391413347019687,Edge,29/4/2026 21:33
.gitlab.com,_biz_nA,,/,13422949347000000,0,0,13391413347328403,Edge,29/4/2026 21:33
.gitlab.com,_biz_pendingA,,/,13422949347000000,0,0,13391413347538660,Edge,29/4/2026 21:33
.gitlab.com,_biz_uid,,/,13422949342000000,0,0,13391413342321547,Edge,29/4/2026 21:33
.gitlab.com,_mkto_trk,,/,13425973346304587,0,0,13391413346304638,Edge,29/4/2026 21:33
.gitlab.com,mutiny.user.token,,/,13425973340149480,0,0,13391413340149525,Edge,29/4/2026 21:33
.gobankingrates.com,visitor_id,,/,13453219997129857,1,0,13421679496183017,Edge,29/4/2026 21:33
.google.com,AEC,,/,13436866862637004,1,1,13421489674637004,Edge,29/4/2026 21:33
.google.com,GCL_DC_P,,/,13429442810030122,1,1,13421666810030122,Edge,29/4/2026 21:33
.google.com,GCL_DC_P,,/,13428235132983092,1,1,13420459132983092,Edge,29/4/2026 21:33
.google.com,NID,,/,13437470810663116,1,1,13421691611663116,Edge,29/4/2026 21:33
.google.com,__Secure-BUCKET,,/,13436866866147362,1,1,13421314866147362,Edge,29/4/2026 21:33
.google.com.au,NID,,/,13437480531527559,1,1,13421669331527559,Edge,29/4/2026 21:33
.grok.com,OptanonAlertBoxClosed,,/,13453195601000000,0,0,13421659601100358,Edge,29/4/2026 21:33
.grok.com,OptanonConsent,,/,13453228223000000,0,0,13421692223964619,Edge,29/4/2026 21:33
.grok.com,_ga,,/,13426943189267080,0,0,13392377257903309,Edge,29/4/2026 21:33
.grok.com,_ga_8FEWB057YH,,/,13426943193510630,0,0,13392383193510684,Edge,29/4/2026 21:33
.grok.com,cf_clearance,,/,13453228222843323,1,1,13421692222843323,Edge,29/4/2026 21:33
.grok.com,mp_ea93da913ddb66b6372b89d97b1029ac_mixpanel,,/,13453228225000000,0,0,13421692221542533,Edge,29/4/2026 21:33
.grokipedia.com,sso-rw,,/,13437231724607264,1,1,13421679724607264,Edge,29/4/2026 21:33
.ingage.tech,cf_clearance,,/,13452875082292908,1,1,13421339082292908,Edge,29/4/2026 21:33
.ingage.tech,instUid,,/,13429114210000000,1,0,13421338210499712,Edge,29/4/2026 21:33
.intentiq.com,ASDT,,/,13432644090869806,1,0,13398084088851212,Edge,29/4/2026 21:33
.intentiq.com,CSDT,,/,13432644090869851,1,0,13398084090869851,Edge,29/4/2026 21:33
.intentiq.com,IQPData,,/,13432644090869829,1,0,13398084090869829,Edge,29/4/2026 21:33
.intentiq.com,IQver,,/,13432644223686814,1,0,13398084076740850,Edge,29/4/2026 21:33
.intentiq.com,intentIQ,,/,13432644090869875,1,0,13398084090031771,Edge,29/4/2026 21:33
.intentiq.com,intentIQCDate,,/,13432644076740713,1,0,13398084076740713,Edge,29/4/2026 21:33
.itiger.com,_fbp,,/,13428235138000000,0,0,13420459138939694,Edge,29/4/2026 21:33
.itiger.com,_ga,,/,13455019139238502,0,0,13420459139238560,Edge,29/4/2026 21:33
.itiger.com,_ga_LECRLCDT1K,,/,13455019160677231,0,0,13420459160677284,Edge,29/4/2026 21:33
.itiger.com,_gcl_au,,/,13428235138000000,0,0,13420459138088219,Edge,29/4/2026 21:33
.itiger.com,_rdt_uuid,,/,13428235138000000,1,0,13420459138109422,Edge,29/4/2026 21:33
.itiger.com,_twpid,,/,13454155137360112,1,0,13420459137360159,Edge,29/4/2026 21:33
.itiger.com,_uetmsclkid,,/,13428235139000000,0,0,13420459139957955,Edge,29/4/2026 21:33
.itiger.com,_uetvid,,/,13454155139000000,0,0,13420459139952710,Edge,29/4/2026 21:33
.itiger.com,sensorsdata2015jssdkcross,,/,13451563137000000,0,0,13420459137943350,Edge,29/4/2026 21:33
.izooto.com,IZCID,,/,13431701578950204,1,0,13397141578950281,Edge,29/4/2026 21:33
.kiwi.shigotech.io,mtuid,,/,13436100462452231,1,0,13420548462452231,Edge,29/4/2026 21:33
.kntxy.com,_cur,,/,13423930201289044,1,1,13421338201289044,Edge,29/4/2026 21:33
.ladsp.jp,lum,,/,13455988341675557,1,0,13421428341675557,Edge,29/4/2026 21:33
.ladsp.jp,smn_uid,,/,13455988341675332,1,0,13421428341675332,Edge,29/4/2026 21:33
.linkedin.com,AnalyticsSyncHistory,,/,13424261082532316,1,0,13421669082532316,Edge,29/4/2026 21:33
.linkedin.com,UserMatchHistory,,/,13424261082532194,1,0,13421669082532194,Edge,29/4/2026 21:33
.linkedin.com,bcookie,,/,13453205111285446,1,0,13392380209442491,Edge,29/4/2026 21:33
.linkedin.com,dfpfpt,,/,13423916217383824,1,1,13392380217383824,Edge,29/4/2026 21:33
.linkedin.com,li_gc,,/,13436888074789461,1,0,13421336073789461,Edge,29/4/2026 21:33
.linkedin.com,li_sugr,,/,13429445111285065,1,0,13420459096329601,Edge,29/4/2026 21:33
.live.com,ANON,,/,13437764317132422,1,1,13420459116131970,Edge,29/4/2026 21:33
.live.com,MUID,,/,13454155121251780,1,0,13420459121251780,Edge,29/4/2026 21:33
.live.com,NAP,,/,13429124317132391,1,1,13420459116131941,Edge,29/4/2026 21:33
.live.streamtheworld.com,idsync-an-uid-s,,/,13421919567352727,1,0,13421314767352727,Edge,29/4/2026 21:33
.live.streamtheworld.com,uuid-s,,/,13423140554433215,1,0,13420548554433215,Edge,29/4/2026 21:33
.login.live.com,IgnoreCAW,,/,13454155403926097,1,1,13420459403926097,Edge,29/4/2026 21:33
.login.live.com,MSCC,,/,13455451665858852,1,1,13421755665858852,Edge,29/4/2026 21:33
.login.live.com,MSPCID,,/,13454155386465971,1,1,13420459112664473,Edge,29/4/2026 21:33
.login.live.com,SDIDC,,/,13454155386466002,1,1,13420459387466002,Edge,29/4/2026 21:33
.login.microsoftonline.com,ESTSAUTHPERSISTENT,,/,13428235403431429,1,1,13420459402431429,Edge,29/4/2026 21:33
.login.microsoftonline.com,brcap,,/,13454155092000000,1,0,13420459092038595,Edge,29/4/2026 21:33
.login.wikimedia.org,WMF-Uniq,,/,13429584531817300,1,1,13398084021817300,Edge,29/4/2026 21:33
.loudecho.ai,LoudEcho,,/,13429445115563580,1,1,13421669115563580,Edge,29/4/2026 21:33
.mediabiasfactcheck.com,33acrossIdTp,,/,13452084457000000,0,0,13420548457265490,Edge,29/4/2026 21:33
.mediabiasfactcheck.com,FCCDCF,,/,13454244456000000,0,0,13420548456993697,Edge,29/4/2026 21:33
.mediabiasfactcheck.com,FCNEC,,/,13452084767000000,0,0,13420548767215066,Edge,29/4/2026 21:33
.mediabiasfactcheck.com,__eoi,,/,13436100456000000,1,0,13420548764212817,Edge,29/4/2026 21:33
.mediabiasfactcheck.com,__gads,,/,13454244456000000,1,0,13420548764212118,Edge,29/4/2026 21:33
.mediabiasfactcheck.com,__gpi,,/,13454244456000000,1,0,13420548764212559,Edge,29/4/2026 21:33
.mediabiasfactcheck.com,__gsas,,/,13454244623000000,0,0,13420548623382336,Edge,29/4/2026 21:33
.mediabiasfactcheck.com,__qca,,/,13454417260000000,0,0,13420548460579024,Edge,29/4/2026 21:33
.mediabiasfactcheck.com,__utma,,/,13455108763837275,0,0,13420548454166647,Edge,29/4/2026 21:33
.mediabiasfactcheck.com,__utmz,,/,13436316763000000,0,0,13420548454167108,Edge,29/4/2026 21:33
.mediabiasfactcheck.com,_cc_id,,/,13443876462000000,0,0,13420548462040130,Edge,29/4/2026 21:33
.mediabiasfactcheck.com,_ga,,/,13455108763828794,0,0,13420548454786622,Edge,29/4/2026 21:33
.mediabiasfactcheck.com,_ga_QB82EM7H04,,/,13455108883259875,0,0,13420548883259922,Edge,29/4/2026 21:33
.mediabiasfactcheck.com,_pubcid,,/,13443876461000000,0,0,13420548461227460,Edge,29/4/2026 21:33
.mediabiasfactcheck.com,_sharedID,,/,13452084454000000,0,0,13420548454801298,Edge,29/4/2026 21:33
.mediabiasfactcheck.com,_sharedID_cst,,/,13452084454000000,0,0,13420548454801616,Edge,29/4/2026 21:33
.mediabiasfactcheck.com,_sharedID_last,,/,13452084454000000,0,0,13420548454801720,Edge,29/4/2026 21:33
.mediabiasfactcheck.com,cto_bundle,,/,13454244555000000,0,0,13420548555544878,Edge,29/4/2026 21:33
.mediacorp.sg,UID,,/,13428677607426183,1,1,13397141607426183,Edge,29/4/2026 21:33
.mediacorp.sg,visid_incap_2835602,,/,13453140943704872,1,1,13421669110704872,Edge,29/4/2026 21:33
.mediarithmics.com,mics_lts,,/,13453201461900281,1,1,13421665461900281,Edge,29/4/2026 21:33
.mediarithmics.com,mics_uaid,,/,13453201461899945,1,1,13421665461899945,Edge,29/4/2026 21:33
.mediarithmics.com,mics_vid,,/,13453201461899302,1,1,13421665461899302,Edge,29/4/2026 21:33
.metaxads.com,muid,,/,13452850805103737,1,0,13421314805103737,Edge,29/4/2026 21:33
.microsoft.com,AMCV_EA76ADE95776D2EC7F000101%40AdobeOrg,,/,13454649238000000,0,0,13420459238510175,Edge,29/4/2026 21:33
.microsoft.com,ANON,,/,13436022532505557,1,0,13421680132505557,Edge,29/4/2026 21:33
.microsoft.com,MC1,,/,13422949099136450,1,0,13391413116136450,Edge,29/4/2026 21:33
.microsoft.com,MSCC,,/,13421766521000000,1,0,13421680121660178,Edge,29/4/2026 21:33
.microsoft.com,MUID,,/,13455379618993807,1,0,13421680132505391,Edge,29/4/2026 21:33
.microsoft.com,NAP,,/,13436022532505598,1,0,13421680132505598,Edge,29/4/2026 21:33
.microsoft.com,_uetvid,,/,13454155100000000,0,0,13420459100953675,Edge,29/4/2026 21:33
.microsoft.com,kndctr_EA76ADE95776D2EC7F000101_AdobeOrg_identity,,/,13454587092000000,1,0,13420459092388861,Edge,29/4/2026 21:33
.microsoft.com,mbox,,/,13423051239000000,0,0,13420459238367182,Edge,29/4/2026 21:33
.missena.io,msna,,/,13452442208638201,1,1,13421338208638201,Edge,29/4/2026 21:33
.missena.io,msnadptm,,/,13423930210949607,1,1,13421338210949607,Edge,29/4/2026 21:33
.missena.io,msnadylk,,/,13423930210659932,1,1,13421338210659932,Edge,29/4/2026 21:33
.missena.io,msnasmwt,,/,13423930228895540,1,1,13421338228895540,Edge,29/4/2026 21:33
.missena.io,msnaxndr,,/,13423930210321223,1,1,13421338210321223,Edge,29/4/2026 21:33
.ml314.com,pi,,/,13453205114769381,1,1,13398084061787628,Edge,29/4/2026 21:33
.mobilefuse.com,mfuid,,/,13422891063224328,1,0,13421681463224328,Edge,29/4/2026 21:33
.moloco.com,mlcwc,,/,13452874210849248,1,0,13421338210849248,Edge,29/4/2026 21:33
.monetixads.com,uids,,/,13423930816000000,1,0,13421338816309558,Edge,29/4/2026 21:33
.mothership.sg,FCCDCF,,/,13430837615000000,0,0,13397141615534713,Edge,29/4/2026 21:33
.mothership.sg,_ga,,/,13431701687098358,0,0,13397141615671278,Edge,29/4/2026 21:33
.mothership.sg,_ga_BY3XQH7KW1,,/,13431701607432846,0,0,13397141607432885,Edge,29/4/2026 21:33
.mothership.sg,_scor_uid,,/,13430837606000000,1,0,13397141606115955,Edge,29/4/2026 21:33
.mothership.sg,meid,,/,13428677607000000,0,0,13397141605155322,Edge,29/4/2026 21:33
.mothership.sg,meid_seg,,/,13428677607000000,0,0,13397141607728599,Edge,29/4/2026 21:33
.ms.now,AMCV_8CF467C25245AE3F0A490D4C%40AdobeOrg,,/,13455907883714035,0,0,13421347883696865,Edge,29/4/2026 21:33
.ms.now,OptanonAlertBoxClosed,,/,13452883913000000,0,0,13421347913563610,Edge,29/4/2026 21:33
.ms.now,OptanonConsent,,/,13452883913000000,0,0,13421347913553806,Edge,29/4/2026 21:33
.ms.now,__eoi,,/,13436899878000000,1,0,13421347879730669,Edge,29/4/2026 21:33
.ms.now,_parsely_visitor,,/,13455512509000000,0,0,13421347878717948,Edge,29/4/2026 21:33
.ms.now,cto_bundle,,/,13455043921000000,0,0,13421347921689305,Edge,29/4/2026 21:33
.ms.now,iter_id,,/,13455897784578431,0,0,13421337784578521,Edge,29/4/2026 21:33
.ms.now,s_getNewRepeat30,,/,13423939911000000,0,0,13421347911594944,Edge,29/4/2026 21:33
.ms.now,s_getNewRepeat90,,/,13429123911000000,0,0,13421347911596213,Edge,29/4/2026 21:33
.ms.now,s_lv,,/,13455907911600504,0,0,13421347911600569,Edge,29/4/2026 21:33
.ms.now,s_vmonthnum,,/,13422038400000000,0,0,13421347883702957,Edge,29/4/2026 21:33
.ms.now,tk_ai,,/,13455907915312474,0,0,13421347915312528,Edge,29/4/2026 21:33
.msn.com,ANON,,/,13436011405081475,1,0,13420459405081475,Edge,29/4/2026 21:33
.msn.com,APP_ANON,,/,13436011404913621,1,1,13420459404913621,Edge,29/4/2026 21:33
.msn.com,App-User,,/,13422264441304393,1,1,13421659641304393,Edge,29/4/2026 21:33
.msn.com,EdgeId-User,,/,13422269949337317,1,1,13421665149337317,Edge,29/4/2026 21:33
.msn.com,MUID,,/,13455010718942658,1,0,13391413089021705,Edge,29/4/2026 21:33
.msn.com,NAP,,/,13436011405081501,1,0,13420459405081501,Edge,29/4/2026 21:33
.msn.com,USRLOC,,/,13425973089021688,1,1,13391413089021688,Edge,29/4/2026 21:33
.msn.com,_EDGE_V,,/,13425109089021767,0,1,13391413089021767,Edge,29/4/2026 21:33
.msn.com,_hpFeedView,,/,13432052495000000,0,0,13420459404777532,Edge,29/4/2026 21:33
.msn.com,_switchBannerClosed,,/,13432052495000000,0,0,13420459404778142,Edge,29/4/2026 21:33
.msn.com,aace,,/,13436011404913643,1,0,13420459404913643,Edge,29/4/2026 21:33
.msn.com,els,,/,13436011404913665,1,0,13420459404913665,Edge,29/4/2026 21:33
.msn.com,elt,,/,13422294461392840,1,0,13421659573193320,Edge,29/4/2026 21:33
.msn.com,lt,,/,13424281661393143,1,0,13421659573110217,Edge,29/4/2026 21:33
.msn.com,marketPref,,/,13436184206000000,0,0,13420459406307473,Edge,29/4/2026 21:33
.msn.com,msnup,,/,13429467568758347,1,1,13420459405276439,Edge,29/4/2026 21:33
.msn.com,ntps,,/,13436271723000000,0,0,13420546923601344,Edge,29/4/2026 21:33
.msn.com,pglt-edgeChromium-dhp,,/edge,13437384630000000,0,0,13420970476352415,Edge,29/4/2026 21:33
.msn.com,pglt-edgeChromium-ntp,,/edge,13437478912000000,0,0,13420913129253352,Edge,29/4/2026 21:33
.mustsharenews.com,__gads,,/,13431780304000000,1,0,13398084313001390,Edge,29/4/2026 21:33
.mustsharenews.com,__gpi,,/,13431780304000000,1,0,13398084313002937,Edge,29/4/2026 21:33
.mustsharenews.com,_ga,,/,13432644300760578,0,0,13398084300760605,Edge,29/4/2026 21:33
.mustsharenews.com,_ga_WHDSK1Q44H,,/,13432644487475100,0,0,13398084487475132,Edge,29/4/2026 21:33
.mustsharenews.com,am_FPID,,/,13432644286058032,1,0,13398084286058032,Edge,29/4/2026 21:33
.mustsharenews.com,cto_bidid,,/,13431809097000000,0,0,13398084299380634,Edge,29/4/2026 21:33
.mustsharenews.com,cto_bundle,,/,13431780316000000,0,0,13398084316784864,Edge,29/4/2026 21:33
.mustsharenews.com,cto_dna_bundle,,/,13431809097000000,0,0,13398084300881133,Edge,29/4/2026 21:33
.nativendo.de,588f272a3e49c_uuid,,/,13429090727296309,1,0,13421314727296309,Edge,29/4/2026 21:33
.netacad.com,OptanonAlertBoxClosed,,/,13423907241000000,0,0,13392371241365089,Edge,29/4/2026 21:33
.netacad.com,_ga,,/,13429690983007091,0,0,13392371253282411,Edge,29/4/2026 21:33
.netacad.com,_ga_FEBY5XYM7X,,/,13429690983006541,0,0,13395130983006568,Edge,29/4/2026 21:33
.newsbreak.com,_nbu,,/,13455898792207538,1,0,13421338792207538,Edge,29/4/2026 21:33
.nexx360.io,n360-adagio,,/,13428323531453113,1,1,13420547531453113,Edge,29/4/2026 21:33
.nexx360.io,n360-ogury,,/,13428323531345363,1,1,13420547531345363,Edge,29/4/2026 21:33
.nexx360.io,xxuid,,/,13429090731551169,1,1,13420547525545366,Edge,29/4/2026 21:33
.nexxen-es.com,wrvUserID,,/,13423930210475686,1,1,13421338210475686,Edge,29/4/2026 21:33
.ntp.msn.com,sptmarket_restored,,/,13422949093000000,0,0,13391413093139562,Edge,29/4/2026 21:33
.onaudience.com,cookie,,/,13452850762872914,1,0,13398084078073290,Edge,29/4/2026 21:33
.ottadvisors.com,otad_key,,/,13422547819210932,1,0,13421338216678451,Edge,29/4/2026 21:33
.ottadvisors.com,otad_red,,/,13422547819211175,1,0,13421338219211175,Edge,29/4/2026 21:33
.pgammedia.com,pgam_red,,/,13421943036610477,1,0,13421338236610477,Edge,29/4/2026 21:33
.pgammedia.com,pgam_uid,,/,13421943036610232,1,0,13421338208723370,Edge,29/4/2026 21:33
.pippio.com,did,,/,13429620060243734,1,0,13398084060243734,Edge,29/4/2026 21:33
.pippio.com,didts,,/,13429620060243855,1,0,13398084060243855,Edge,29/4/2026 21:33
.pippio.com,pxrc,,/,13426853113066768,1,0,13420547765227636,Edge,29/4/2026 21:33
.pmbmonetize.live,s-146,,/,13452084557005368,1,1,13420548557005368,Edge,29/4/2026 21:33
.pmbmonetize.live,s-91,,/,13452874217454346,1,1,13421338217454346,Edge,29/4/2026 21:33
.pmbmonetize.live,xeadiu,,/,13452874218534282,1,1,13421338218534282,Edge,29/4/2026 21:33
.prebid.a-mo.net,psd_amuid2,,/,13452084882471217,1,1,13420548463553886,Edge,29/4/2026 21:33
.prebid.a-mo.net,psd_amuid2,,/,13429620368933969,1,1,13398084299324723,Edge,29/4/2026 21:33
.prebid.a-mo.net,psd_amuid2,,/,13452875100030215,1,1,13421339083219660,Edge,29/4/2026 21:33
.prebid.a-mo.net,psd_amuid2,,/,13452874963667722,1,1,13421338809644981,Edge,29/4/2026 21:33
.prebid.a-mo.net,psd_amuid2,,/,13452083535260260,1,1,13420547525191317,Edge,29/4/2026 21:33
.protechts.net,_pxvid,,/,13423916212000000,1,0,13392380212765213,Edge,29/4/2026 21:33
.rbstsystems.live,xeroid,,/,13452875080809405,1,1,13421338211315982,Edge,29/4/2026 21:33
.reddit.com,csv,,/,13455109083214322,1,0,13420549083214322,Edge,29/4/2026 21:33
.reddit.com,edgebucket,,/,13455109082895262,1,0,13420549082895262,Edge,29/4/2026 21:33
.reddit.com,loid,,/,13455109083213863,1,0,13420549083213863,Edge,29/4/2026 21:33
.rottentomatoes.com,AMCV_8CF467C25245AE3F0A490D4C%40AdobeOrg,,/,13455878875140932,0,0,13421318875141004,Edge,29/4/2026 21:33
.rottentomatoes.com,OptanonAlertBoxClosed,,/,13452854868000000,0,0,13421318868308714,Edge,29/4/2026 21:33
.rottentomatoes.com,OptanonConsent,,/,13452854874000000,0,0,13421318874502661,Edge,29/4/2026 21:33
.rottentomatoes.com,__eoi,,/,13436870851000000,1,0,13421318859128606,Edge,29/4/2026 21:33
.rottentomatoes.com,__gads,,/,13455014851000000,1,0,13421318859128100,Edge,29/4/2026 21:33
.rottentomatoes.com,__gpi,,/,13455014851000000,1,0,13421318859128310,Edge,29/4/2026 21:33
.rottentomatoes.com,_awl,,/,13455446876135000,1,0,13421318876135803,Edge,29/4/2026 21:33
.rottentomatoes.com,_cb,,/,13455446875000000,1,0,13421318856693794,Edge,29/4/2026 21:33
.rottentomatoes.com,_chartbeat2,,/,13455446875000000,1,0,13421318875579215,Edge,29/4/2026 21:33
.rottentomatoes.com,akamai_generated_location,,/,13423910874597707,1,0,13421318851707051,Edge,29/4/2026 21:33
.rottentomatoes.com,cto_bundle,,/,13455014879000000,0,0,13421318879658616,Edge,29/4/2026 21:33
.rottentomatoes.com,eXr91Jra,,/,13455878873329776,0,0,13421318852080596,Edge,29/4/2026 21:33
.rottentomatoes.com,mbox,,/,13455878875195554,0,0,13421318875195594,Edge,29/4/2026 21:33
.rtb.mx,amdt_t,,/,13429620312794605,1,1,13398084311343711,Edge,29/4/2026 21:33
.rtb.mx,amdt_t_p,,/,13453217206192590,1,1,13421681206192590,Edge,29/4/2026 21:33
.rtb.mx,amdt_t_p,,/,13452083531568273,1,1,13420547531568273,Edge,29/4/2026 21:33
.rtb.mx,amuid2,,/,13429620312794696,1,1,13398084311343799,Edge,29/4/2026 21:33
.rtb.mx,amuid2_p,,/,13453217206192443,1,1,13421681206192443,Edge,29/4/2026 21:33
.rtb.mx,amuid2_p,,/,13452083531567980,1,1,13420547530034303,Edge,29/4/2026 21:33
.rtb.mx,pamdt_t,,/,13429620312794714,1,1,13398084311343816,Edge,29/4/2026 21:33
.rtb.mx,pamuid2,,/,13429620312794748,1,1,13398084311343837,Edge,29/4/2026 21:33
.rtbwise.com,novaexp,,/,13452083812855971,1,1,13420547812855971,Edge,29/4/2026 21:33
.rtbwise.com,novasig,,/,13452083812855895,1,1,13420547812855895,Edge,29/4/2026 21:33
.rtbwise.com,novasyncts,,/,13452083812856036,1,1,13420547812856036,Edge,29/4/2026 21:33
.rtbwise.com,novauid,,/,13452083812855688,1,0,13420547812855688,Edge,29/4/2026 21:33
.rubiconproject.com,audit_p,,/,13453201459327335,1,0,13421665459327335,Edge,29/4/2026 21:33
.rubiconproject.com,audit_p,,/,13453205112684911,1,0,13421669112684911,Edge,29/4/2026 21:33
.rubiconproject.com,audit_p,,/,13452084468618678,1,0,13420548468618678,Edge,29/4/2026 21:33
.rubiconproject.com,audit_p,,/,13451995091984349,1,0,13420459091984349,Edge,29/4/2026 21:33
.rubiconproject.com,audit_p,,/,13453219127921270,1,0,13421683127921270,Edge,29/4/2026 21:33
.rubiconproject.com,audit_p,,/,13429620370832099,1,0,13398084370832099,Edge,29/4/2026 21:33
.rubiconproject.com,audit_p,,/,13452854863503054,1,0,13421318863503054,Edge,29/4/2026 21:33
.rubiconproject.com,audit_p,,/,13452875109214380,1,0,13421339109214380,Edge,29/4/2026 21:33
.rubiconproject.com,audit_p,,/,13452083817961366,1,0,13420547817961366,Edge,29/4/2026 21:33
.rubiconproject.com,audit_p,,/,13429620217969049,1,0,13398084217969049,Edge,29/4/2026 21:33
.rubiconproject.com,audit_p,,/,13452874817837090,1,0,13421338817837090,Edge,29/4/2026 21:33
.rubiconproject.com,audit_p,,/,13452083533567886,1,0,13420547533567886,Edge,29/4/2026 21:33
.rubiconproject.com,khaos_p,,/,13453201459328020,1,0,13421665459328020,Edge,29/4/2026 21:33
.rubiconproject.com,khaos_p,,/,13453205112685352,1,0,13421669112685352,Edge,29/4/2026 21:33
.rubiconproject.com,khaos_p,,/,13452084468618882,1,0,13420548468618882,Edge,29/4/2026 21:33
.rubiconproject.com,khaos_p,,/,13451995091984577,1,0,13420459091984577,Edge,29/4/2026 21:33
.rubiconproject.com,khaos_p,,/,13453219127687834,1,0,13421314724299179,Edge,29/4/2026 21:33
.rubiconproject.com,khaos_p,,/,13429620370832368,1,0,13398084306029022,Edge,29/4/2026 21:33
.rubiconproject.com,khaos_p,,/,13452854863503337,1,0,13421318863503337,Edge,29/4/2026 21:33
.rubiconproject.com,khaos_p,,/,13452875109214697,1,0,13421337838532681,Edge,29/4/2026 21:33
.rubiconproject.com,khaos_p,,/,13452083817961813,1,0,13420547758431041,Edge,29/4/2026 21:33
.rubiconproject.com,khaos_p,,/,13429620217969226,1,0,13398084064883803,Edge,29/4/2026 21:33
.rubiconproject.com,khaos_p,,/,13452874817837426,1,0,13421338812462524,Edge,29/4/2026 21:33
.rubiconproject.com,khaos_p,,/,13452083533568306,1,0,13420547523078930,Edge,29/4/2026 21:33
.rubiconproject.com,receive-cookie-deprecation,,/,13429445112685582,1,1,13421669112685582,Edge,29/4/2026 21:33
.rubiconproject.com,receive-cookie-deprecation,,/,13428324468618952,1,1,13420548468618952,Edge,29/4/2026 21:33
.rubiconproject.com,receive-cookie-deprecation,,/,13428235091984645,1,1,13420459091984645,Edge,29/4/2026 21:33
.rubiconproject.com,receive-cookie-deprecation,,/,13429090871669738,1,1,13421314723996535,Edge,29/4/2026 21:33
.rubiconproject.com,receive-cookie-deprecation,,/,13429115109214867,1,1,13421337996404251,Edge,29/4/2026 21:33
.rubiconproject.com,receive-cookie-deprecation,,/,13428323817962214,1,1,13420547811427835,Edge,29/4/2026 21:33
.rubiconproject.com,receive-cookie-deprecation,,/,13429114817837671,1,1,13421338815897118,Edge,29/4/2026 21:33
.rubiconproject.com,receive-cookie-deprecation,,/,13428323533272891,1,1,13420547523079297,Edge,29/4/2026 21:33
.scmp.com,FCCDCF,,/,13455365083000000,0,0,13421669083917886,Edge,29/4/2026 21:33
.scmp.com,FCNEC,,/,13453205084000000,0,0,13421669084160364,Edge,29/4/2026 21:33
.scmp.com,__eoi,,/,13437221079000000,1,0,13421669084625746,Edge,29/4/2026 21:33
.scmp.com,__gads,,/,13455365079000000,1,0,13421669084625120,Edge,29/4/2026 21:33
.scmp.com,__gpi,,/,13455365079000000,1,0,13421669084625545,Edge,29/4/2026 21:33
.scmp.com,__pat,,/,13424261083000000,0,0,13421669083464462,Edge,29/4/2026 21:33
.scmp.com,__pvi,,/,13421755483000000,0,0,13421669083464729,Edge,29/4/2026 21:33
.scmp.com,__tbc,,/,13426853083000000,0,0,13421669083461555,Edge,29/4/2026 21:33
.scmp.com,_cc_id,,/,13444997082000000,0,0,13421669082422249,Edge,29/4/2026 21:33
.scmp.com,_fbp,,/,13429445083000000,0,0,13421669082535544,Edge,29/4/2026 21:33
.scmp.com,_ga,,/,13456229081676007,1,0,13421669081676089,Edge,29/4/2026 21:33
.scmp.com,_ga_VD9LCVW2ZV,,/,13456229100844629,1,0,13421669100844752,Edge,29/4/2026 21:33
.scmp.com,_gcl_au,,/,13429445082000000,0,0,13421669081556138,Edge,29/4/2026 21:33
.scmp.com,_pcid,,/,13455797082000000,1,0,13421669082912849,Edge,29/4/2026 21:33
.scmp.com,_pctx,,/,13455797082000000,1,0,13421669082387978,Edge,29/4/2026 21:33
.scmp.com,_pcus,,/,13455797083000000,1,0,13421669083470467,Edge,29/4/2026 21:33
.scmp.com,_pubcid,,/,13444997081000000,0,0,13421669081616406,Edge,29/4/2026 21:33
.scmp.com,_vi,,/,13455797081000000,1,0,13421669081740215,Edge,29/4/2026 21:33
.scmp.com,cX_G,,/,13455797085000000,1,0,13421669085515771,Edge,29/4/2026 21:33
.scmp.com,cX_P,,/,13455797087000000,1,0,13421669083819892,Edge,29/4/2026 21:33
.scmp.com,cf_clearance,,/,13453205080598224,1,1,13421669080598224,Edge,29/4/2026 21:33
.scmp.com,cto_bundle,,/,13455365083000000,0,0,13421669083298935,Edge,29/4/2026 21:33
.scmp.com,optimizelyEndUserId,,/,13437221081000000,0,0,13421669081889596,Edge,29/4/2026 21:33
.scmp.com,optimizelySession,,/,13437221081000000,0,0,13421669081964657,Edge,29/4/2026 21:33
.scmp.com,panoramaId,,/,13421755478000000,0,0,13421669082422916,Edge,29/4/2026 21:33
.scmp.com,panoramaIdType,,/,13421755478000000,0,0,13421669082423060,Edge,29/4/2026 21:33
.scmp.com,panoramaId_expiry,,/,13421755478000000,0,0,13421669082422607,Edge,29/4/2026 21:33
.scmp.com,scmp_subscriber,,/,13421755482000000,0,0,13421669082750715,Edge,29/4/2026 21:33
.scmp.com,xbc,,/,13426853083000000,0,0,13421669083466413,Edge,29/4/2026 21:33
.scorecardresearch.com,UID,,/,13455387532128934,1,0,13398084066251515,Edge,29/4/2026 21:33
.scorecardresearch.com,XID,,/,13455361460083436,1,0,13421665460083436,Edge,29/4/2026 21:33
.scorecardresearch.com,XID,,/,13455365227197842,1,0,13421669112532244,Edge,29/4/2026 21:33
.scorecardresearch.com,XID,,/,13455387532129113,1,0,13420459405005594,Edge,29/4/2026 21:33
.scorecardresearch.com,XID,,/,13455014875596289,1,0,13421318856454790,Edge,29/4/2026 21:33
.scorecardresearch.com,XID,,/,13455365082875998,1,0,13421669082875998,Edge,29/4/2026 21:33
.scorecardresearch.com,XID,,/,13454243811873155,1,0,13420547757326363,Edge,29/4/2026 21:33
.scorecardresearch.com,XID,,/,13431780214990171,1,0,13398084066251638,Edge,29/4/2026 21:33
.sea1-cs.amx1.net,psd_amuid2,,/,13452083533284479,1,1,13420547528025267,Edge,29/4/2026 21:33
.sea1-cs.amx1.net,sd_amuid2,,/,13452083533284579,1,1,13420547530495007,Edge,29/4/2026 21:33
.sensic.net,sui_3pc,,/,13455107758502180,1,0,13420547758502386,Edge,29/4/2026 21:33
.sethlui.com,FCCDCF,,/,13455033794000000,0,0,13421337794336883,Edge,29/4/2026 21:33
.sethlui.com,FCNEC,,/,13452875083000000,0,0,13421339083985835,Edge,29/4/2026 21:33
.sethlui.com,__eoi,,/,13436889827000000,1,0,13421339077084038,Edge,29/4/2026 21:33
.sethlui.com,__gads,,/,13455033827000000,1,0,13421339077083496,Edge,29/4/2026 21:33
.sethlui.com,__gpi,,/,13455033827000000,1,0,13421339077083890,Edge,29/4/2026 21:33
.sethlui.com,__qca,,/,13455206640000000,0,0,13421337840289212,Edge,29/4/2026 21:33
.sethlui.com,_au_1d,,/,13452875077866982,1,0,13421337794328498,Edge,29/4/2026 21:33
.sethlui.com,_fbp,,/,13429115070000000,0,0,13421337778360246,Edge,29/4/2026 21:33
.sethlui.com,_ga,,/,13455907864982075,0,0,13421337772147861,Edge,29/4/2026 21:33
.sethlui.com,_ga_7V6M05N118,,/,13455907864950393,0,0,13421347864950527,Edge,29/4/2026 21:33
.sethlui.com,_ga_FVWZ0RM4DH,,/,13455907864979657,0,0,13421347864979793,Edge,29/4/2026 21:33
.sethlui.com,_ht_v,,/,13452873791000000,0,0,13421337791543718,Edge,29/4/2026 21:33
.sethlui.com,_lc2_fpi,,/,13455899039291522,0,0,13421339039291566,Edge,29/4/2026 21:33
.sethlui.com,_lc2_fpi_meta,,/,13455899039291783,0,0,13421339039291813,Edge,29/4/2026 21:33
.sethlui.com,_pubcid,,/,13423929827000000,0,0,13421337827965052,Edge,29/4/2026 21:33
.sethlui.com,_pubcid_cst,,/,13423929827000000,0,0,13421337827965816,Edge,29/4/2026 21:33
.sethlui.com,cf_clearance,,/,13452873766596394,1,1,13421337766596394,Edge,29/4/2026 21:33
.sethlui.com,connectId,,/,13452873798527484,1,0,13421337798527545,Edge,29/4/2026 21:33
.sethlui.com,cto_bidid,,/,13455063794000000,0,0,13421338997461783,Edge,29/4/2026 21:33
.sethlui.com,cto_bundle,,/,13455063794000000,0,0,13421338997459922,Edge,29/4/2026 21:33
.sethlui.com,cto_dna_bundle,,/,13455063794000000,0,0,13421338999148777,Edge,29/4/2026 21:33
.sg.linkedin.com,bscookie,,/,13452082949840940,1,1,13420546949840940,Edge,29/4/2026 21:33
.sharethis.com,__stid,,/,13429620049822739,1,0,13398084049822739,Edge,29/4/2026 21:33
.sharethis.com,__stidv,,/,13429620049822897,1,0,13398084049822897,Edge,29/4/2026 21:33
.shb-sync.com,smart_r,,/,13438878280937710,1,0,13421339080937710,Edge,29/4/2026 21:33
.shb-sync.com,smart_usr,,/,13438878280937503,1,0,13421338208567747,Edge,29/4/2026 21:33
.singaporeair.com,__qca,,/,13454327933000000,0,0,13420459133497485,Edge,29/4/2026 21:33
.singaporeair.com,_abck,,/,13451995135493252,1,0,13420459135493252,Edge,29/4/2026 21:33
.singaporeair.com,_fbp,,/,13428235135000000,0,0,13420459134961654,Edge,29/4/2026 21:33
.singaporeair.com,_ga,,/,13455019133106374,0,0,13420459133106422,Edge,29/4/2026 21:33
.singaporeair.com,_ga_9L60TJMNML,,/,13455019147450546,0,0,13420459147450568,Edge,29/4/2026 21:33
.singaporeair.com,_gcl_au,,/,13428235133000000,0,0,13420459132768972,Edge,29/4/2026 21:33
.singaporeair.com,_gcl_dc,,/,13428235133000000,0,0,13420459132764220,Edge,29/4/2026 21:33
.singaporeair.com,_gcl_gs,,/,13428235133000000,0,0,13420459132765475,Edge,29/4/2026 21:33
.singaporeair.com,_tt_enable_cookie,,/,13454155135000000,0,0,13420459135012821,Edge,29/4/2026 21:33
.singaporeair.com,_ttp,,/,13454155135000000,0,0,13420459135016601,Edge,29/4/2026 21:33
.singaporeair.com,_twpid,,/,13454155133029586,1,0,13420459133029618,Edge,29/4/2026 21:33
.singaporeair.com,_uetvid,,/,13454155136000000,0,0,13420459136308156,Edge,29/4/2026 21:33
.singaporeair.com,bm_s,,/,13423137543076985,1,1,13420459143076985,Edge,29/4/2026 21:33
.singaporeair.com,isAffiliateTraffic,,/,13423051132000000,0,0,13420459132834069,Edge,29/4/2026 21:33
.singaporeair.com,ttcsid,,/,13454155145000000,0,0,13420459145951950,Edge,29/4/2026 21:33
.singaporeair.com,ttcsid_CTMC9GRC77U1GH2BAT6G,,/,13454155145000000,0,0,13420459145955618,Edge,29/4/2026 21:33
.sparteo.com,sync_expire,,/,13455107534940422,1,0,13420547534940422,Edge,29/4/2026 21:33
.sparteo.com,uids_adnxs,,/,13455107532229032,1,0,13420547532229032,Edge,29/4/2026 21:33
.sparteo.com,uids_onetag,,/,13455107532151665,1,0,13420547532151665,Edge,29/4/2026 21:33
.sparteo.com,uids_smartadserver,,/,13455107531659966,1,0,13420547531659966,Edge,29/4/2026 21:33
.sparteo.com,uids_smilewanted,,/,13455107534940708,1,0,13420547534940708,Edge,29/4/2026 21:33
.sparteo.com,uids_unruly,,/,13455107532608478,1,0,13420547532608478,Edge,29/4/2026 21:33
.sphlabs.com,suid,,/,13455107754226123,1,0,13420547754226123,Edge,29/4/2026 21:33
.straitstimes.com,FCCDCF,,/,13454243808000000,0,0,13420547808609443,Edge,29/4/2026 21:33
.straitstimes.com,FCNEC,,/,13452083812000000,0,0,13420547812566655,Edge,29/4/2026 21:33
.straitstimes.com,FPID,,/,13455107853271673,1,1,13420547757961020,Edge,29/4/2026 21:33
.straitstimes.com,__eoi,,/,13436099755000000,1,0,13420547758455641,Edge,29/4/2026 21:33
.straitstimes.com,__gads,,/,13454243755000000,1,0,13420547758452744,Edge,29/4/2026 21:33
.straitstimes.com,__gpi,,/,13454243755000000,1,0,13420547758454209,Edge,29/4/2026 21:33
.straitstimes.com,_cb,,/,13454675811000000,1,0,13420547757196749,Edge,29/4/2026 21:33
.straitstimes.com,_cc_id,,/,13443875755000000,0,0,13420547755829982,Edge,29/4/2026 21:33
.straitstimes.com,_chartbeat2,,/,13454675811000000,1,0,13420547811201884,Edge,29/4/2026 21:33
.straitstimes.com,_fbp,,/,13428323812000000,0,0,13420547760177310,Edge,29/4/2026 21:33
.straitstimes.com,_ga,,/,13455107811335223,0,0,13420547811335300,Edge,29/4/2026 21:33
.straitstimes.com,_ga_MQEMTJBF6J,,/,13455107852915630,0,0,13420547852915737,Edge,29/4/2026 21:33
.straitstimes.com,_gcl_au,,/,13428323756000000,0,0,13420547755928299,Edge,29/4/2026 21:33
.straitstimes.com,_scor_uid,,/,13454243811000000,1,0,13420547757111526,Edge,29/4/2026 21:33
.straitstimes.com,cto_bundle,,/,13454243761000000,0,0,13420547761231196,Edge,29/4/2026 21:33
.straitstimes.com,permutive-id,,/,13436358955000000,1,0,13420547755747740,Edge,29/4/2026 21:33
.straitstimes.com,suid,,/,13455107754228789,1,0,13420547754228901,Edge,29/4/2026 21:33
.suntcontent.se,5975ae13617f1_uuid,,/,13429090728158844,1,0,13421314728158844,Edge,29/4/2026 21:33
.sync.a-mo.net,psd_amuid2,,/,13452084772976601,1,1,13420548772976198,Edge,29/4/2026 21:33
.sync.a-mo.net,psd_amuid2,,/,13452875099502195,1,1,13421339099251985,Edge,29/4/2026 21:33
.sync.a-mo.net,psd_amuid2,,/,13429620123746911,1,1,13398084122700500,Edge,29/4/2026 21:33
.sync.a-mo.net,psd_amuid2,,/,13452874816086519,1,1,13421338815833403,Edge,29/4/2026 21:33
.sync.a-mo.net,psd_amuid2,,/,13452083533214842,1,1,13420547533214206,Edge,29/4/2026 21:33
.t.co,muc_ads,,/,13431701580804126,1,0,13397141580804126,Edge,29/4/2026 21:33
.taboola.com,t_pt_gid,,/,13453201460976712,1,0,13421665460976712,Edge,29/4/2026 21:33
.taboola.com,t_pt_gid,,/,13453205226768390,1,0,13421669110933146,Edge,29/4/2026 21:33
.taboola.com,t_pt_gid,,/,13453215917983478,1,0,13421314723682212,Edge,29/4/2026 21:33
.taboola.com,t_pt_gid,,/,13429620310099977,1,0,13398084310099977,Edge,29/4/2026 21:33
.taboola.com,t_pt_gid,,/,13452875111893083,1,0,13421339071559903,Edge,29/4/2026 21:33
.taboola.com,t_pt_gid,,/,13451995133433138,1,0,13420459133433138,Edge,29/4/2026 21:33
.taboola.com,t_pt_gid,,/,13452083843259402,1,0,13420547757481992,Edge,29/4/2026 21:33
.taboola.com,t_pt_gid,,/,13429620207790904,1,0,13398084075128339,Edge,29/4/2026 21:33
.taboola.com,t_pt_gid,,/,13452874811080597,1,0,13421338811080597,Edge,29/4/2026 21:33
.theindependent.sg,_ga,,/,13431701579432818,0,0,13397141574874789,Edge,29/4/2026 21:33
.theindependent.sg,_ga_HNHJVMX5RM,,/,13431701579430441,0,0,13397141579430485,Edge,29/4/2026 21:33
.theindependent.sg,_ga_ZSXR95E8V0,,/,13431701574874011,0,0,13397141574874068,Edge,29/4/2026 21:33
.thestar.com.my,FCNEC,,/,13429620209000000,0,0,13398084209109021,Edge,29/4/2026 21:33
.thestar.com.my,__gads,,/,13431780066000000,1,0,13398084072139175,Edge,29/4/2026 21:33
.thestar.com.my,__gpi,,/,13431780066000000,1,0,13398084072139320,Edge,29/4/2026 21:33
.thestar.com.my,_asm_uid,,/,13429188063000000,0,0,13398084063788195,Edge,29/4/2026 21:33
.thestar.com.my,_awl,,/,13432212208571000,1,0,13398084208571656,Edge,29/4/2026 21:33
.thestar.com.my,_cb,,/,13432212205000000,1,0,13398084049683069,Edge,29/4/2026 21:33
.thestar.com.my,_chartbeat2,,/,13432212205000000,1,0,13398084205764020,Edge,29/4/2026 21:33
.thestar.com.my,_clck,,/,13429620054000000,0,0,13398084054887796,Edge,29/4/2026 21:33
.thestar.com.my,_ga,,/,13432644208629416,0,0,13398084208629436,Edge,29/4/2026 21:33
.thestar.com.my,_ga_3HWDM68GV8,,/,13432644225672813,0,0,13398084225672833,Edge,29/4/2026 21:33
.thestar.com.my,_ga_J8TZJ65FPH,,/,13432644120862965,0,0,13398084120862985,Edge,29/4/2026 21:33
.thestar.com.my,_ga_M7E3P87KRC,,/,13432644225688143,0,0,13398084225688163,Edge,29/4/2026 21:33
.thestar.com.my,cto_bidid,,/,13431809005000000,0,0,13398084207959041,Edge,29/4/2026 21:33
.thestar.com.my,cto_bundle,,/,13431809005000000,0,0,13398084207957754,Edge,29/4/2026 21:33
.thestar.com.my,cto_dna_bundle,,/,13431809005000000,0,0,13398084208226099,Edge,29/4/2026 21:33
.tpmn.io,uuid,,/,13452083831348746,1,0,13420547831348746,Edge,29/4/2026 21:33
.trustedstack.com,data-apm,,/,13429620124001579,1,0,13398084124001579,Edge,29/4/2026 21:33
.trustedstack.com,data-ets,,/,13452083531503619,1,0,13420547531503619,Edge,29/4/2026 21:33
.trustedstack.com,data-mdn,,/,13452083528226441,1,0,13420547528226441,Edge,29/4/2026 21:33
.trustedstack.com,data-mgt,,/,13422203109957994,1,0,13421339017600529,Edge,29/4/2026 21:33
.trustedstack.com,data-nex,,/,13452083527910202,1,0,13420547527910202,Edge,29/4/2026 21:33
.trustedstack.com,data-ont,,/,13429620122031028,1,0,13398084122031028,Edge,29/4/2026 21:33
.trustedstack.com,data-pbs,,/,13452850727213825,1,0,13421314727213825,Edge,29/4/2026 21:33
.trustedstack.com,data-sts,,/,13429620153837654,1,0,13398084153837654,Edge,29/4/2026 21:33
.trustedstack.com,data-tsm,,/,13429620092264824,1,0,13398084092264824,Edge,29/4/2026 21:33
.trustedstack.com,data-yie,,/,13429620092698796,1,0,13398084092698796,Edge,29/4/2026 21:33
.trustedstack.com,visitor-id,,/,13432384891001648,1,0,13398084091001648,Edge,29/4/2026 21:33
.twitter.com,guest_id,,/,13426937331628037,1,0,13392377331628037,Edge,29/4/2026 21:33
.twitter.com,guest_id_ads,,/,13426937331627924,1,0,13392377331627924,Edge,29/4/2026 21:33
.twitter.com,guest_id_marketing,,/,13426937331627824,1,0,13392377331627824,Edge,29/4/2026 21:33
.twitter.com,personalization_id,,/,13426937331628004,1,0,13392377331628004,Edge,29/4/2026 21:33
.upload.wikimedia.org,WMF-Uniq,,/,13429584244857555,1,1,13398084019857555,Edge,29/4/2026 21:33
.userreport.com,__bpn_puid,,/,13452850757567628,1,0,13421314757567628,Edge,29/4/2026 21:33
.usw1-cs.amx1.net,psd_amuid2,,/,13453217202374628,1,1,13421681202373683,Edge,29/4/2026 21:33
.usw1-cs.amx1.net,sd_amuid2,,/,13453217202374682,1,1,13421681202373726,Edge,29/4/2026 21:33
.usw1-sync.a-mo.net,psd_amuid2,,/,13429620312283946,1,1,13398084307329282,Edge,29/4/2026 21:33
.vetob.com,IABGPP_HDR_GppString,,/,13455034806104933,1,0,13421338806104956,Edge,29/4/2026 21:33
.vetob.com,__eoi,,/,13436890794000000,1,0,13421338795020160,Edge,29/4/2026 21:33
.vetob.com,__gads,,/,13455034806000000,1,0,13421338806767746,Edge,29/4/2026 21:33
.vetob.com,__gpi,,/,13455034806000000,1,0,13421338806767930,Edge,29/4/2026 21:33
.vetob.com,__nbpix_uid,,/,13455898790049973,0,0,13421338790050050,Edge,29/4/2026 21:33
.vetob.com,_cc_id,,/,13444666810000000,0,0,13421338810728905,Edge,29/4/2026 21:33
.vetob.com,_ga,,/,13455898790590488,0,0,13421338790590540,Edge,29/4/2026 21:33
.vetob.com,_ga_FXBV7S7Y7Z,,/,13455898964798086,0,0,13421338964798126,Edge,29/4/2026 21:33
.vetob.com,addtl_consent,,/,13455034806104796,1,0,13421338806104837,Edge,29/4/2026 21:33
.vetob.com,cto_bidid,,/,13455063589000000,0,0,13421338811919910,Edge,29/4/2026 21:33
.vetob.com,cto_bundle,,/,13455063589000000,0,0,13421338811917656,Edge,29/4/2026 21:33
.vetob.com,cto_dna_bundle,,/,13455063589000000,0,0,13421338813268960,Edge,29/4/2026 21:33
.vetob.com,euconsent-v2,,/,13455034806104360,1,0,13421338806104553,Edge,29/4/2026 21:33
.wikipedia.org,WMF-Uniq,,/,13429629342412073,1,1,13398084019412073,Edge,29/4/2026 21:33
.workspace.google.com,__utma,,/,13426015621606405,0,0,13391455621599098,Edge,29/4/2026 21:33
.workspace.google.com,__utma,,/products/drive/,13426015621595074,0,0,13391455621592577,Edge,29/4/2026 21:33
.workspace.google.com,_ga,,/,13426015621030194,0,0,13391455621030307,Edge,29/4/2026 21:33
.workspace.google.com,_ga_FWCBRW1RY8,,/,13426015621029669,0,0,13391455621029706,Edge,29/4/2026 21:33
.worldcrunch.com,__qca,,/,13454416323000000,0,0,13420547523115878,Edge,29/4/2026 21:33
.worldcrunch.com,_cc_id,,/,13443875524000000,0,0,13420547524027736,Edge,29/4/2026 21:33
.worldcrunch.com,_ga,,/,13455107521855387,0,0,13420547521855468,Edge,29/4/2026 21:33
.worldcrunch.com,_ga_89YDJQG38X,,/,13455107535305381,0,0,13420547535305451,Edge,29/4/2026 21:33
.worldcrunch.com,cf_clearance,,/,13452083522484384,1,1,13420547522484384,Edge,29/4/2026 21:33
.worldcrunch.com,cto_bidid,,/,13454272323000000,0,0,13420547523968451,Edge,29/4/2026 21:33
.worldcrunch.com,cto_bundle,,/,13454243532000000,0,0,13420547532161327,Edge,29/4/2026 21:33
.worldcrunch.com,cto_dna_bundle,,/,13454272323000000,0,0,13420547524362947,Edge,29/4/2026 21:33
.worldcrunch.com,firstid,,/,13436099524000000,1,0,13420547524856485,Edge,29/4/2026 21:33
.worldcrunch.com,firstid_flex_type,,/,13436099524000000,1,0,13420547524856751,Edge,29/4/2026 21:33
.worldcrunch.com,sharedid,,/,13428323523000000,0,0,13420547523774048,Edge,29/4/2026 21:33
.worldcrunch.com,sharedid_cst,,/,13428323523000000,0,0,13420547523774858,Edge,29/4/2026 21:33
.worldcrunch.com,usprivacy,,/,13454243521825252,1,0,13420547521825350,Edge,29/4/2026 21:33
.wp.pl,statid,,/,13455899100093945,1,0,13398084185146088,Edge,29/4/2026 21:33
.www.amazon.sg,aws-waf-token,,/,13422011052000000,1,0,13421665452566681,Edge,29/4/2026 21:33
.www.emis.com,SESS07a3ff14de63c02c79819a5e082cf6ba,,/,13423337280177850,0,1,13421337280177850,Edge,29/4/2026 21:33
.www.linkedin.com,bscookie,,/,13423916214940753,1,1,13392380209442550,Edge,29/4/2026 21:33
.www.singaporeair.com,bm_lso,,/,13423051132000000,0,0,13420459132979090,Edge,29/4/2026 21:33
.x.ai,cf_clearance,,/,13453215765226186,1,1,13421679765226186,Edge,29/4/2026 21:33
.x.ai,mp_0b4055a12491884bcb6f34a5aa2718b6_mixpanel,,/,13453215765000000,0,0,13421679765216059,Edge,29/4/2026 21:33
.x.ai,sso-rw,,/,13437231733033192,1,1,13421679733033192,Edge,29/4/2026 21:33
.x.com,__cuid,,/,13456239674000000,0,0,13420547856136576,Edge,29/4/2026 21:33
.x.com,att,,/,13421766067756072,1,1,13421679667756072,Edge,29/4/2026 21:33
.x.com,auth_token,,/,13456239662610360,1,1,13421679662610360,Edge,29/4/2026 21:33
.x.com,ct0,,/,13456239666638937,1,0,13421679666638937,Edge,29/4/2026 21:33
.x.com,external_referer,,/,13422284233865837,1,0,13421659629048279,Edge,29/4/2026 21:33
.x.com,guest_id,,/,13426937327307944,1,0,13392377327307944,Edge,29/4/2026 21:33
.x.com,guest_id_ads,,/,13456239696313452,1,0,13392377327307875,Edge,29/4/2026 21:33
.x.com,guest_id_marketing,,/,13456239696313607,1,0,13392377327307727,Edge,29/4/2026 21:33
.x.com,kdt,,/,13456239662609980,1,1,13392377370722717,Edge,29/4/2026 21:33
.x.com,personalization_id,,/,13456239416192649,1,0,13421679416192672,Edge,29/4/2026 21:33
.x.com,twid,,/,13453215696313656,1,0,13421679670365242,Edge,29/4/2026 21:33
.yahoo.com,A1,,/,13453236910760711,1,1,13421679310760711,Edge,29/4/2026 21:33
.yahoo.com,A3,,/,13453236910760754,1,1,13421679310760754,Edge,29/4/2026 21:33
.yandex.ru,pi,,/,13455898232289521,1,1,13421338232289521,Edge,29/4/2026 21:33
.yandex.ru,pi,,/,13455898817699189,1,1,13421338817699189,Edge,29/4/2026 21:33
.yandex.ru,pi,,/,13455107535828380,1,1,13420547535828380,Edge,29/4/2026 21:33
.yandex.ru,yashr,,/,13452874232289694,1,1,13421338232289694,Edge,29/4/2026 21:33
.yandex.ru,yashr,,/,13452874817699399,1,1,13421338817699399,Edge,29/4/2026 21:33
.yandex.ru,yashr,,/,13452083535828734,1,1,13420547535828734,Edge,29/4/2026 21:33
.youtube.com,PREF,,/,13456229359631885,1,0,13421669353531669,Edge,29/4/2026 21:33
.youtube.com,VISITOR_INFO1_LIVE,,/,13437221308858676,1,1,13421669085906413,Edge,29/4/2026 21:33
.youtube.com,VISITOR_INFO1_LIVE,,/,13436866874924159,1,1,13421314874264434,Edge,29/4/2026 21:33
.youtube.com,VISITOR_INFO1_LIVE,,/,13437221329641459,1,1,13421669327295982,Edge,29/4/2026 21:33
.youtube.com,VISITOR_PRIVACY_METADATA,,/,13437221308858776,1,1,13421669085906465,Edge,29/4/2026 21:33
.youtube.com,VISITOR_PRIVACY_METADATA,,/,13436866874924255,1,1,13421314874264481,Edge,29/4/2026 21:33
.youtube.com,VISITOR_PRIVACY_METADATA,,/,13437221329641693,1,1,13421669327296041,Edge,29/4/2026 21:33
.youtube.com,__Secure-BUCKET,,/,13437221327129678,1,1,13421669327129678,Edge,29/4/2026 21:33
.youtube.com,__Secure-ROLLOUT_TOKEN,,/,13437221308858904,1,1,13421669308858904,Edge,29/4/2026 21:33
.youtube.com,__Secure-ROLLOUT_TOKEN,,/,13437221108861523,1,1,13421669108861523,Edge,29/4/2026 21:33
.youtube.com,__Secure-ROLLOUT_TOKEN,,/,13436866874924315,1,1,13421314874924315,Edge,29/4/2026 21:33
.youtube.com,__Secure-ROLLOUT_TOKEN,,/,13436980569741447,1,1,13421428569741447,Edge,29/4/2026 21:33
.youtube.com,__Secure-ROLLOUT_TOKEN,,/,13437221085906523,1,1,13421669085906523,Edge,29/4/2026 21:33
.youtube.com,__Secure-ROLLOUT_TOKEN,,/,13436099809168147,1,1,13420547809168147,Edge,29/4/2026 21:33
.youtube.com,__Secure-ROLLOUT_TOKEN,,/,13437221327758973,1,1,13421669327758973,Edge,29/4/2026 21:33
.youtube.com,__Secure-YNID,,/,13437221108858476,1,1,13421669308858476,Edge,29/4/2026 21:33
a27224800026.cdn.optimizely.com,https://www.scmp.com_oeu1777195481885r0.8191878579559757$$27195450406$$session_state,,/,13437221082454326,1,0,13421669082454423,Edge,29/4/2026 21:33
account.anonymised.io,sub3,,/,13452084458788416,1,1,13420548458788416,Edge,29/4/2026 21:33
accounts.x.ai,last-logged-in-with,,/,13429455274131116,1,1,13421659603275000,Edge,29/4/2026 21:33
alchemyx.online,avxUId,,/,13452418735478667,1,0,13421314735478667,Edge,29/4/2026 21:33
api.msn.com,MUIDB,,/,13454155404913685,0,1,13420459404913685,Edge,29/4/2026 21:33
api.msn.com,sptmarket,,/,13455019404913593,0,0,13420459404913593,Edge,29/4/2026 21:33
ardenstrategies.com,cookieyes-consent,,/,13452084120000000,1,0,13420548003634021,Edge,29/4/2026 21:33
assets.msn.com,MUIDB,,/,13425109093092259,0,1,13391413093092259,Edge,29/4/2026 21:33
assets.msn.com,sptmarket,,/,13455085906061056,0,0,13420525906061056,Edge,29/4/2026 21:33
claude.ai,_dd_s,,/,13453227921000000,0,0,13421691921026828,Edge,29/4/2026 21:33
claude.ai,anthropic-device-id,,/,13447611543390997,1,0,13421682981075857,Edge,29/4/2026 21:33
claude.ai,g_state,,/,13437243540000000,0,0,13421691540504697,Edge,29/4/2026 21:33
cnalifestyle.channelnewsasia.com,UID,,/,13453205109000000,1,0,13421669109337705,Edge,29/4/2026 21:33
cnalifestyle.channelnewsasia.com,reese84,,/,13424261112445546,0,0,13421669112444904,Edge,29/4/2026 21:33
cnalifestyle.channelnewsasia.com,sa-r-date,,/,13424261110000000,1,0,13421669110400308,Edge,29/4/2026 21:33
cnalifestyle.channelnewsasia.com,sa-r-source,,/,13424261110000000,1,0,13421669110400022,Edge,29/4/2026 21:33
cnalifestyle.channelnewsasia.com,sa-user-id,,/,13453205110000000,1,0,13421669110402751,Edge,29/4/2026 21:33
cnalifestyle.channelnewsasia.com,sa-user-id-v2,,/,13453205110000000,1,0,13421669110402994,Edge,29/4/2026 21:33
cnalifestyle.channelnewsasia.com,sa-user-id-v3,,/,13453205110000000,1,0,13421669110404332,Edge,29/4/2026 21:33
cnalifestyle.channelnewsasia.com,sa-user-id-v4,,/,13453205110000000,1,0,13421669110408859,Edge,29/4/2026 21:33
cnalifestyle.channelnewsasia.com,sui_1pc,,/,13456229112372900,1,0,13421669112373024,Edge,29/4/2026 21:33
cnalifestyle.channelnewsasia.com,visid_incap_1846708,,/,13453140371990032,0,1,13421669107990032,Edge,29/4/2026 21:33
copilot.microsoft.com,MUID,,/,13425109089427785,1,0,13391413089427785,Edge,29/4/2026 21:33
copilot.microsoft.com,MUIDB,,/,13425109089427814,0,1,13391413089427814,Edge,29/4/2026 21:33
copilot.microsoft.com,SRCHD,,/,13425109093066387,1,0,13391413093066387,Edge,29/4/2026 21:33
copilot.microsoft.com,SRCHUID,,/,13425109093066414,1,0,13391413093066414,Edge,29/4/2026 21:33
copilot.microsoft.com,SRCHUSR,,/,13425109093066447,1,0,13391413093066447,Edge,29/4/2026 21:33
copilot.microsoft.com,_EDGE_V,,/,13425109089427849,0,1,13391413089427849,Edge,29/4/2026 21:33
copilot.microsoft.com,__Host-copilot-anon,,/,13425109093795344,1,1,13391413093795344,Edge,29/4/2026 21:33
docs.github.com,_docs-events,,/,13422949691000000,1,0,13391413691360165,Edge,29/4/2026 21:33
edgecompanion.msn.com,MSFPC,,/,13452058868331559,1,0,13420522868331601,Edge,29/4/2026 21:33
edgecompanion.msn.com,MUIDB,,/,13454218864908020,0,1,13420522864908020,Edge,29/4/2026 21:33
edgecompanion.msn.com,MicrosoftApplicationsTelemetryDeviceId,,/,13453219754290502,1,0,13420522865778914,Edge,29/4/2026 21:33
edition.cnn.com,g_state,,/,13436465331000000,0,0,13420913331026476,Edge,29/4/2026 21:33
g.oncehuman.game,session_id,,/,13453217488698704,1,1,13420522870660928,Edge,29/4/2026 21:33
g.oncehuman.game,session_id_njufjj_impression,,/,13421767888698948,1,1,13421681488698948,Edge,29/4/2026 21:33
github.com,_device_id,,/,13422949352407348,1,1,13391413353407348,Edge,29/4/2026 21:33
grok.com,i18nextLng,,/,13453228221000000,0,0,13392377257764066,Edge,29/4/2026 21:33
id.ad-plus.com.tr,tdid_u,,/,13452083525518836,1,1,13420547525518836,Edge,29/4/2026 21:33
idp.mysph.sph.com.sg,DT,,/,13455107756087974,1,1,13420547756087974,Edge,29/4/2026 21:33
ids.api.gcprivacy.id,gcid,,/,13429115071684743,1,1,13421337781117357,Edge,29/4/2026 21:33
krk2.kargo.com,receive-cookie-deprecation,,/,13423910875492750,1,1,13421318857525770,Edge,29/4/2026 21:33
learn.microsoft.com,MSFPC,,/,13453216134842724,1,0,13421680134353657,Edge,29/4/2026 21:33
learn.microsoft.com,MicrosoftApplicationsTelemetryDeviceId,,/,13453216158569925,1,0,13421680121683339,Edge,29/4/2026 21:33
login.microsoftonline.com,AADSSOTILES,,/,13455019402431387,1,1,13420459402431387,Edge,29/4/2026 21:33
login.microsoftonline.com,ESTSSSOTILES,,/,13455019402431262,1,0,13420459402431262,Edge,29/4/2026 21:33
login.microsoftonline.com,buid,,/,13423051403431557,1,1,13420459402431557,Edge,29/4/2026 21:33
login.microsoftonline.com,fpc,,/,13423051407096321,1,1,13420459388883811,Edge,29/4/2026 21:33
m.ntesgsght.com,session_id,,/,13453219765517856,1,1,13420913207668643,Edge,29/4/2026 21:33
m.ntesgsght.com,session_id_9y5l08_impression,,/,13421756554852233,1,1,13421670154851234,Edge,29/4/2026 21:33
m.ntesgsght.com,session_id_n677jt_impression,,/,13421770165518183,1,1,13421683765518183,Edge,29/4/2026 21:33
measureadv.com,did,,/,13423152618967626,1,1,13421338218967626,Edge,29/4/2026 21:33
measureadv.com,new,,/,13423152615579348,1,1,13421338215579348,Edge,29/4/2026 21:33
measureadv.com,uid,,/,13423931100277853,1,1,13420547533724371,Edge,29/4/2026 21:33
mediabiasfactcheck.com,_lr_env_src_ats,,/,13423140454000000,0,0,13420548454806455,Edge,29/4/2026 21:33
mediabiasfactcheck.com,ac_cclang,,/,13455108766430260,0,0,13420548459135664,Edge,29/4/2026 21:33
mediabiasfactcheck.com,ac_user_id,,/,13423140461429049,0,0,13420548461429117,Edge,29/4/2026 21:33
mediabiasfactcheck.com,advanced_ads_page_impressions,,/,13455108762956397,0,0,13420548762956469,Edge,29/4/2026 21:33
mediabiasfactcheck.com,advanced_ads_pro_visitor_referrer,,/,13452084453000000,0,0,13420548453076891,Edge,29/4/2026 21:33
mediabiasfactcheck.com,hustle-hide-module-1,,/,13423226886000000,0,0,13420548486685487,Edge,29/4/2026 21:33
mediabiasfactcheck.com,idw-fe-id,,/,13452084455000000,0,0,13420548455680779,Edge,29/4/2026 21:33
mediabiasfactcheck.com,inc_optin_never_see_again-popup-1,,/,13452084483000000,0,0,13420548483859759,Edge,29/4/2026 21:33
mustsharenews.com,am_FPID_JS,,/,13432644286060941,0,0,13398084286060971,Edge,29/4/2026 21:33
mustsharenews.com,jiyakeji_uuid,,/,13429620318000000,0,0,13398084318877535,Edge,29/4/2026 21:33
ntp.msn.com,MSFPC,,/,13423915457224330,1,0,13392379457224377,Edge,29/4/2026 21:33
ntp.msn.com,MUIDB,,/,13425109089021729,0,1,13391413089021729,Edge,29/4/2026 21:33
ntp.msn.com,MicrosoftApplicationsTelemetryDeviceId,,/,13453290113738456,1,0,13391413092077326,Edge,29/4/2026 21:33
ntp.msn.com,__rubyState,,/edge,13426869541000000,0,0,13420546923655468,Edge,29/4/2026 21:33
ntp.msn.com,__rubyUX,,/edge,13425730922000000,0,0,13420546922369415,Edge,29/4/2026 21:33
ntp.msn.com,sptmarket,,/,13425973089021656,0,0,13391413089021656,Edge,29/4/2026 21:33
outlook.live.com,ClientId,,/,13425454560222643,1,0,13393918559222328,Edge,29/4/2026 21:33
outlook.live.com,MSFPC,,/,13451995379573449,1,0,13420459122310441,Edge,29/4/2026 21:33
outlook.live.com,MicrosoftApplicationsTelemetryDeviceId,,/mail,13451995145000000,0,0,13420459145175913,Edge,29/4/2026 21:33
outlook.live.com,MicrosoftApplicationsTelemetryFirstLaunchTime,,/mail,13451995145000000,0,0,13420459145176092,Edge,29/4/2026 21:33
prebid.cwi.re,xandrId,,/,13452083827552702,1,1,13420547827552702,Edge,29/4/2026 21:33
prebid.media.net,receive-cookie-deprecation,,/,13436100883212710,1,1,13420548466534875,Edge,29/4/2026 21:33
prebid.media.net,receive-cookie-deprecation,,/,13436891098427972,1,1,13421337830294617,Edge,29/4/2026 21:33
prebid.trustedstack.com,receive-cookie-deprecation,,/,13436890996341973,1,1,13421337830145922,Edge,29/4/2026 21:33
prebid.trustedstack.com,receive-cookie-deprecation,,/,13436099525428477,1,1,13420547525260502,Edge,29/4/2026 21:33
read.amazon.com,csm-hit,,/,13451931501000000,0,0,13421691501836435,Edge,29/4/2026 21:33
read.amazon.com,rxc,,/,13421770065299602,0,0,13421683665299662,Edge,29/4/2026 21:33
recommend-zoom.mediacorp.sg,visid_incap_2389744,,/,13453140978831140,1,1,13421669108831140,Edge,29/4/2026 21:33
rewards.bing.com,MicrosoftApplicationsTelemetryDeviceId,,/sweepstakes/million,13453203426000000,0,0,13421667426873045,Edge,29/4/2026 21:33
rewards.bing.com,MicrosoftApplicationsTelemetryFirstLaunchTime,,/sweepstakes/million,13453203426000000,0,0,13421667426873379,Edge,29/4/2026 21:33
server.smartytech.io,uid,,/,13452874232041657,1,0,13421338232041657,Edge,29/4/2026 21:33
sethlui.com,_aaw_uid,,/,13423929773958320,0,0,13421337773958402,Edge,29/4/2026 21:33
sethlui.com,_lr_env_src_ats,,/,13423929774000000,0,0,13421337774034608,Edge,29/4/2026 21:33
sethlui.com,gcid_first,,/,13429115070000000,0,0,13421337781122502,Edge,29/4/2026 21:33
sethlui.com,pbjs-unifiedid,,/,13423929829000000,0,0,13421337829882044,Edge,29/4/2026 21:33
sethlui.com,pbjs-unifiedid_cst,,/,13423929829000000,0,0,13421337829882234,Edge,29/4/2026 21:33
sg.yahoo.com,AWSALBTG,,/,13422284110760543,0,0,13421679310760543,Edge,29/4/2026 21:33
sg.yahoo.com,AWSALBTGCORS,,/,13422284110760639,1,0,13421679310760639,Edge,29/4/2026 21:33
srtb.msn.com,MUIDB,,/,13425109155808337,0,1,13391413155808337,Edge,29/4/2026 21:33
srtb.msn.com,sptmarket,,/,13425973155808308,0,0,13391413155808308,Edge,29/4/2026 21:33
syncingbridge.com,did,,/,13422361932220232,1,1,13420547532220232,Edge,29/4/2026 21:33
syncingbridge.com,new,,/,13422362957437333,1,1,13420547532754832,Edge,29/4/2026 21:33
syncingbridge.com,uid,,/,13423140557023609,1,1,13420547532220322,Edge,29/4/2026 21:33
taetee.com,avxUId,,/,13452418735969153,1,0,13421314735969153,Edge,29/4/2026 21:33
tagweb.straitstimes.com,GAESA,,/,13423139758260018,0,0,13420547758260018,Edge,29/4/2026 21:33
theindependent.sg,izootoWpConfig,,/,13431701580335197,0,0,13397141580335257,Edge,29/4/2026 21:33
theindependent.sg,jiyakeji_uuid,,/,13428677580000000,0,0,13397141580203210,Edge,29/4/2026 21:33
theindependent.sg,tigress_fp,,/,13428677571241429,0,0,13397141571241473,Edge,29/4/2026 21:33
theindependent.sg,tigress_uuid,,/,13428677570000000,0,0,13397141570530501,Edge,29/4/2026 21:33
uid.mediacorp.sg,UIDPriorityDomain,,/,13428677607426309,1,1,13397141607426309,Edge,29/4/2026 21:33
uid.mediacorp.sg,visid_incap_1641929,,/,13453140980021649,1,1,13421669109021649,Edge,29/4/2026 21:33
usync.ingage.tech,instUid,,/,13429114210000000,1,0,13421338210499884,Edge,29/4/2026 21:33
worldcrunch.com,g_state,,/,13436099521000000,0,0,13420547521289554,Edge,29/4/2026 21:33
worldcrunch.com,newspack-cid,,/,13452083521000000,0,0,13420547521346570,Edge,29/4/2026 21:33
www.amazon.com,csm-hit,,/,13451931501000000,0,0,13421691501835189,Edge,29/4/2026 21:33
www.amazon.com,rxc,,/,13421770687320460,0,0,13421684287320549,Edge,29/4/2026 21:33
www.amazon.sg,csd-key,,/,13426849685000000,1,0,13421665685487745,Edge,29/4/2026 21:33
www.amazon.sg,csm-hit,,/,13451920869000000,0,0,13421680869727671,Edge,29/4/2026 21:33
www.amazon.sg,rxc,,/,13421766294732186,0,0,13421679894732266,Edge,29/4/2026 21:33
www.biano.ro,_b_v,,/,13421941874447951,0,0,13421337074447951,Edge,29/4/2026 21:33
www.bing.com,MUIDB,,/,13455451662666561,0,1,13391413189300909,Edge,29/4/2026 21:33
www.bing.com,__Host-XY,,/,13422915954199366,1,1,13421681154199366,Edge,29/4/2026 21:33
www.boataround.com,AWSALB,,/,13421941118091895,0,0,13421336318091895,Edge,29/4/2026 21:33
www.boataround.com,AWSALBCORS,,/,13421941118092030,1,0,13421336318092030,Edge,29/4/2026 21:33
www.boataround.com,google-tracker,,/,13455896318092133,1,1,13421336318092133,Edge,29/4/2026 21:33
www.boataround.com,v_id,,/,13455896318092166,1,1,13421336318092166,Edge,29/4/2026 21:33
www.clarity.ms,CLID,,/,13453205111539959,1,1,13421669111539959,Edge,29/4/2026 21:33
www.getyourguide.com,__rtbh.aid,,/,13453202811000000,1,0,13421666811072181,Edge,29/4/2026 21:33
www.getyourguide.com,__rtbh.lid,,/,13453202811000000,1,0,13421666811073759,Edge,29/4/2026 21:33
www.getyourguide.com,_dd_s,,/,13453204627000000,0,0,13421668627447732,Edge,29/4/2026 21:33
www.getyourguide.com,cookieBannerClosed,,/,13456226837326896,0,0,13421666837326969,Edge,29/4/2026 21:33
www.getyourguide.com,cur,,/,13456226806300071,1,0,13421666806300071,Edge,29/4/2026 21:33
www.getyourguide.com,gtmDisplayInclusion,,/,13424258807990952,0,0,13421666807991032,Edge,29/4/2026 21:33
www.getyourguide.com,locale_code,,/,13456226806300166,1,0,13421666806300166,Edge,29/4/2026 21:33
www.google.com,_GRECAPTCHA,,/recaptcha,13436889221483555,1,1,13421337221483555,Edge,29/4/2026 21:33
www.itiger.com,TIGER_DEVICE_ID,,/,13455019136704888,0,0,13420459136704888,Edge,29/4/2026 21:33
www.itiger.com,sa-u-date,,/,13423051139000000,1,0,13420459139299033,Edge,29/4/2026 21:33
www.itiger.com,sa-u-source,,/,13423051139000000,1,0,13420459139298531,Edge,29/4/2026 21:33
www.itiger.com,sa-user-id,,/,13451995139000000,1,0,13420459139300107,Edge,29/4/2026 21:33
www.itiger.com,sa-user-id-v2,,/,13451995139000000,1,0,13420459139300222,Edge,29/4/2026 21:33
www.itiger.com,sa-user-id-v3,,/,13451995139000000,1,0,13420459139300867,Edge,29/4/2026 21:33
www.itiger.com,sa-user-id-v4,,/,13451995139000000,1,0,13420459139301417,Edge,29/4/2026 21:33
www.microsoft.com,MSFPC,,/,13430392770448765,1,0,13398856769483415,Edge,29/4/2026 21:33
www.microsoft.com,MicrosoftApplicationsTelemetryDeviceId,,/,13451995086827340,1,0,13394294882440789,Edge,29/4/2026 21:33
www.microsoft365.com,AjaxSessionKey,,/,13428235388039417,1,0,13420459388039417,Edge,29/4/2026 21:33
www.microsoft365.com,OH.FLID,,/,13451995386282057,1,1,13420459386282057,Edge,29/4/2026 21:33
www.microsoft365.com,OhpAuth,,/,13428235388039343,1,1,13420459388039343,Edge,29/4/2026 21:33
www.microsoft365.com,OhpToken,,/,13428235388039197,1,1,13420459388039197,Edge,29/4/2026 21:33
www.microsoft365.com,UserIndex,,/,13423051388039292,1,1,13420459388039292,Edge,29/4/2026 21:33
www.microsoft365.com,userid,,/,13428235388039449,1,1,13420459388039449,Edge,29/4/2026 21:33
www.ms.now,OneTrustWPCCPAGoogleOptOut,,/,13452874752000000,0,0,13421337996371643,Edge,29/4/2026 21:33
www.ms.now,usprivacy,,/,13452883913000000,0,0,13421337758258187,Edge,29/4/2026 21:33
www.ms.now,vlToken,,/,13452873762000000,0,0,13421337762775195,Edge,29/4/2026 21:33
www.msn.com,AlgoRes,,/,13424276495000000,0,0,13420459404981218,Edge,29/4/2026 21:33
www.msn.com,MSFPC,,/,13425452456396788,1,0,13393916456396861,Edge,29/4/2026 21:33
www.msn.com,MUIDB,,/,13428811882944858,0,1,13395115881944858,Edge,29/4/2026 21:33
www.msn.com,MicrosoftApplicationsTelemetryDeviceId,,/,13453220495231415,1,0,13393916437218664,Edge,29/4/2026 21:33
www.msn.com,sptmarket,,/,13429675881944820,0,0,13395115881944820,Edge,29/4/2026 21:33
www.office.com,MSFPC,,/,13422981068230831,1,0,13391445067225996,Edge,29/4/2026 21:33
www.office.com,MicrosoftApplicationsTelemetryDeviceId,,/,13425469244437713,1,0,13391445061393855,Edge,29/4/2026 21:33
www.office.com,OH.FLID,,/,13422981056211890,1,1,13391445055211890,Edge,29/4/2026 21:33
www.reddit.com,g_state,,/,13436101086000000,0,0,13420549086342061,Edge,29/4/2026 21:33
www.reddit.com,reddit_supported_media_codecs,,/,13452085087000000,0,0,13420549087132231,Edge,29/4/2026 21:33
www.rottentomatoes.com,OneTrustWPCCPAGoogleOptOut,,/,13452854868000000,0,0,13421318868322402,Edge,29/4/2026 21:33
www.rottentomatoes.com,_ALGOLIA,,/,13436870858000000,0,0,13421318858420389,Edge,29/4/2026 21:33
www.rottentomatoes.com,akacd_RTReplatform,,/,13455878851707253,1,0,13421318851707253,Edge,29/4/2026 21:33
www.rottentomatoes.com,usprivacy,,/,13452854868000000,0,0,13421318854817108,Edge,29/4/2026 21:33
www.scmp.com,__pnahc,,/,13426853082000000,0,0,13421669082920711,Edge,29/4/2026 21:33
www.scmp.com,__rtbh.lid,,/,13453205082000000,1,0,13421669082486206,Edge,29/4/2026 21:33
www.scmp.com,g_state,,/,13437221086000000,0,0,13421669086006716,Edge,29/4/2026 21:33
www.scmp.com,sa-r-date,,/,13424261082000000,1,0,13421669082708670,Edge,29/4/2026 21:33
www.scmp.com,sa-r-source,,/,13424261082000000,1,0,13421669082708366,Edge,29/4/2026 21:33
www.scmp.com,sa-user-id,,/,13453205082000000,1,0,13421669082709862,Edge,29/4/2026 21:33
www.scmp.com,sa-user-id-v2,,/,13453205082000000,1,0,13421669082710197,Edge,29/4/2026 21:33
www.scmp.com,sa-user-id-v3,,/,13453205082000000,1,0,13421669082711321,Edge,29/4/2026 21:33
www.scmp.com,sa-user-id-v4,,/,13453205082000000,1,0,13421669082715263,Edge,29/4/2026 21:33
www.singaporeair.com,AKAMAI_SAA_COUNTRY_COOKIE,,/,13451995133147106,1,0,13420459132263698,Edge,29/4/2026 21:33
www.singaporeair.com,AKAMAI_SAA_LOCALE_COOKIE,,/,13451995133146848,1,0,13420459132263725,Edge,29/4/2026 21:33
www.straitstimes.com,sph_user_country,,/,13425731808618360,1,0,13420547753815558,Edge,29/4/2026 21:33
www.straitstimes.com,sui_1pc,,/,13455107758476635,1,0,13420547758476762,Edge,29/4/2026 21:33
www.thestar.com.my,__stp,,/,13432644056018207,0,0,13398084056018243,Edge,29/4/2026 21:33
www.thestar.com.my,_ac_client_id,,/,13432644222719562,0,0,13398084222719611,Edge,29/4/2026 21:33
x.com,g_state,,/,13437231443000000,0,0,13421679443246082,Edge,29/4/2026 21:33
