browser,os,url,domain,name,path,expires,secure,httpOnly,timestamp
Firefox,Android(Playwright),https://www.youtube.com,.youtube.com,__Secure-BUCKET,/,Yes,True,True,2026-10-07  13:05:36
Firefox,Android(Playwright),https://www.youtube.com,.youtube.com,__Secure-YENID,/,Yes,True,True,2026-10-07  13:05:36
Firefox,Android(Playwright),https://www.youtube.com,.youtube.com,YSC,/,No,True,True,2026-10-07  13:05:36
Firefox,Android(Playwright),https://www.youtube.com,.youtube.com,__Secure-YEC,/,Yes,True,True,2026-10-07  13:05:36
Firefox,Android(Playwright),https://www.youtube.com,.youtube.com,VISITOR_PRIVACY_METADATA,/,Yes,True,True,2026-10-07  13:05:36
Firefox,Android(Playwright),https://www.youtube.com,.youtube.com,PREF,/,Yes,True,False,2026-10-07  13:05:36
Firefox,Android(Playwright),https://www.google.com,.youtube.com,__Secure-BUCKET,/,Yes,True,True,2026-10-07  13:05:39
Firefox,Android(Playwright),https://www.google.com,.youtube.com,__Secure-YENID,/,Yes,True,True,2026-10-07  13:05:39
Firefox,Android(Playwright),https://www.google.com,.youtube.com,YSC,/,No,True,True,2026-10-07  13:05:39
Firefox,Android(Playwright),https://www.google.com,.youtube.com,__Secure-YEC,/,Yes,True,True,2026-10-07  13:05:39
Firefox,Android(Playwright),https://www.google.com,.youtube.com,VISITOR_PRIVACY_METADATA,/,Yes,True,True,2026-10-07  13:05:39
Firefox,Android(Playwright),https://www.google.com,.youtube.com,PREF,/,Yes,True,False,2026-10-07  13:05:39
Firefox,Android(Playwright),https://www.google.com,.google.com,SOCS,/,Yes,True,False,2026-10-07  13:05:39
Firefox,Android(Playwright),https://www.google.com,.google.com,SEARCH_SAMESITE,/,Yes,False,False,2026-10-07  13:05:39
Firefox,Android(Playwright),https://www.google.com,.google.com,AEC,/,Yes,True,True,2026-10-07  13:05:39
Firefox,Android(Playwright),https://www.google.com,.google.com,__Secure-ENID,/,Yes,True,True,2026-10-07  13:05:39
Firefox,Android(Playwright),https://bing.com,.youtube.com,__Secure-BUCKET,/,Yes,True,True,2026-10-07  13:05:44
Firefox,Android(Playwright),https://bing.com,.youtube.com,__Secure-YENID,/,Yes,True,True,2026-10-07  13:05:44
Firefox,Android(Playwright),https://bing.com,.youtube.com,YSC,/,No,True,True,2026-10-07  13:05:44
Firefox,Android(Playwright),https://bing.com,.youtube.com,__Secure-YEC,/,Yes,True,True,2026-10-07  13:05:44
Firefox,Android(Playwright),https://bing.com,.youtube.com,VISITOR_PRIVACY_METADATA,/,Yes,True,True,2026-10-07  13:05:44
Firefox,Android(Playwright),https://bing.com,.youtube.com,PREF,/,Yes,True,False,2026-10-07  13:05:44
Firefox,Android(Playwright),https://bing.com,.google.com,SOCS,/,Yes,True,False,2026-10-07  13:05:44
Firefox,Android(Playwright),https://bing.com,.google.com,SEARCH_SAMESITE,/,Yes,False,False,2026-10-07  13:05:44
Firefox,Android(Playwright),https://bing.com,.google.com,AEC,/,Yes,True,True,2026-10-07  13:05:44
Firefox,Android(Playwright),https://bing.com,.google.com,__Secure-ENID,/,Yes,True,True,2026-10-07  13:05:44
Firefox,Android(Playwright),https://bing.com,.bing.com,MUID,/,Yes,True,False,2026-10-07  13:05:44
Firefox,Android(Playwright),https://bing.com,bing.com,MUIDB,/,Yes,False,True,2026-10-07  13:05:44
Firefox,Android(Playwright),https://bing.com,.bing.com,_EDGE_S,/,No,False,True,2026-10-07  13:05:44
Firefox,Android(Playwright),https://bing.com,.bing.com,_EDGE_V,/,Yes,False,True,2026-10-07  13:05:44
Firefox,Android(Playwright),https://bing.com,www.bing.com,MUIDB,/,Yes,False,True,2026-10-07  13:05:44
Firefox,Android(Playwright),https://bing.com,www.bing.com,__Host-XY,/,Yes,True,True,2026-10-07  13:05:44
Firefox,Android(Playwright),https://bing.com,.bing.com,SRCHD,/,Yes,True,False,2026-10-07  13:05:44
Firefox,Android(Playwright),https://bing.com,.bing.com,SRCHUID,/,Yes,True,False,2026-10-07  13:05:44
Firefox,Android(Playwright),https://bing.com,.bing.com,_SS,/,No,True,False,2026-10-07  13:05:44
Firefox,Android(Playwright),https://bing.com,.bing.com,ak_bmsc,/,Yes,False,True,2026-10-07  13:05:44
Firefox,Android(Playwright),https://bing.com,.bing.com,SRCHUSR,/,Yes,True,False,2026-10-07  13:05:44
Firefox,Android(Playwright),https://bing.com,.bing.com,SRCHHPGUSR,/,Yes,True,False,2026-10-07  13:05:44
Firefox,Android(Playwright),https://bing.com,.bing.com,_HPVN,/,Yes,True,False,2026-10-07  13:05:44
Firefox,Android(Playwright),https://bing.com,www.bing.com,.MSA.Auth.Nonce.CfDJ8Pj64jZaZ_RFrelrus2TRABvdOF90qiOkmalVmbOt62qGitvMX2-2LKB9x-lt00nz4Zy03SKLXOwrWiRInPaxtvLyXSRZ2zsE7hXv906dO2jJRUbltYULAjD-SNNfcPl5Os_CxCQ4Dw826YS0hvA5GAKKJ4f87b3m_VOQdEBbvFCqQhekYGpVMrFBG_M8gCf9CUFFO8celeUvHv1LwOtCBGiuZHzsEGLA789CtdUCSI1o65JgeQsEXscsmb_Yd60Wef_FG_ngQJopDxDnemaKtc,/,Yes,True,True,2026-10-07  13:05:44
Firefox,Android(Playwright),https://bing.com,www.bing.com,.MSA.Auth.Correlation.7Vn6NIZYA06La5EjhFKi89f9bsxVLi30eQkKt741D-E,/,Yes,True,True,2026-10-07  13:05:44
Firefox,Android(Playwright),https://bing.com,.login.microsoftonline.com,esctx-M9DGCZ3ZQ,/,No,True,True,2026-10-07  13:05:44
Firefox,Android(Playwright),https://bing.com,login.microsoftonline.com,fpc,/,Yes,True,True,2026-10-07  13:05:44
Firefox,Android(Playwright),https://bing.com,login.microsoftonline.com,x-ms-gateway-slice,/,No,True,True,2026-10-07  13:05:44
Firefox,Android(Playwright),https://bing.com,login.microsoftonline.com,stsservicecookie,/,No,True,True,2026-10-07  13:05:44
Firefox,Android(Playwright),https://www.channelnewsasia.com,.youtube.com,__Secure-BUCKET,/,Yes,True,True,2026-10-07  13:05:53
Firefox,Android(Playwright),https://www.channelnewsasia.com,.youtube.com,__Secure-YENID,/,Yes,True,True,2026-10-07  13:05:53
Firefox,Android(Playwright),https://www.channelnewsasia.com,.youtube.com,YSC,/,No,True,True,2026-10-07  13:05:53
Firefox,Android(Playwright),https://www.channelnewsasia.com,.youtube.com,__Secure-YEC,/,Yes,True,True,2026-10-07  13:05:53
Firefox,Android(Playwright),https://www.channelnewsasia.com,.youtube.com,PREF,/,Yes,True,False,2026-10-07  13:05:53
Firefox,Android(Playwright),https://www.channelnewsasia.com,.google.com,SOCS,/,Yes,True,False,2026-10-07  13:05:53
Firefox,Android(Playwright),https://www.channelnewsasia.com,.google.com,SEARCH_SAMESITE,/,Yes,False,False,2026-10-07  13:05:53
Firefox,Android(Playwright),https://www.channelnewsasia.com,.google.com,AEC,/,Yes,True,True,2026-10-07  13:05:53
Firefox,Android(Playwright),https://www.channelnewsasia.com,.google.com,__Secure-ENID,/,Yes,True,True,2026-10-07  13:05:53
Firefox,Android(Playwright),https://www.channelnewsasia.com,.bing.com,MUID,/,Yes,True,False,2026-10-07  13:05:53
Firefox,Android(Playwright),https://www.channelnewsasia.com,bing.com,MUIDB,/,Yes,False,True,2026-10-07  13:05:53
Firefox,Android(Playwright),https://www.channelnewsasia.com,.bing.com,_EDGE_S,/,No,False,True,2026-10-07  13:05:53
Firefox,Android(Playwright),https://www.channelnewsasia.com,.bing.com,_EDGE_V,/,Yes,False,True,2026-10-07  13:05:53
Firefox,Android(Playwright),https://www.channelnewsasia.com,www.bing.com,MUIDB,/,Yes,False,True,2026-10-07  13:05:53
Firefox,Android(Playwright),https://www.channelnewsasia.com,www.bing.com,__Host-XY,/,Yes,True,True,2026-10-07  13:05:53
Firefox,Android(Playwright),https://www.channelnewsasia.com,.bing.com,SRCHD,/,Yes,True,False,2026-10-07  13:05:53
Firefox,Android(Playwright),https://www.channelnewsasia.com,.bing.com,SRCHUID,/,Yes,True,False,2026-10-07  13:05:53
Firefox,Android(Playwright),https://www.channelnewsasia.com,.bing.com,_SS,/,No,True,False,2026-10-07  13:05:53
Firefox,Android(Playwright),https://www.channelnewsasia.com,.bing.com,ak_bmsc,/,Yes,False,True,2026-10-07  13:05:53
Firefox,Android(Playwright),https://www.channelnewsasia.com,.bing.com,SRCHUSR,/,Yes,True,False,2026-10-07  13:05:53
Firefox,Android(Playwright),https://www.channelnewsasia.com,.bing.com,SRCHHPGUSR,/,Yes,True,False,2026-10-07  13:05:53
Firefox,Android(Playwright),https://www.channelnewsasia.com,.bing.com,_HPVN,/,Yes,True,False,2026-10-07  13:05:53
Firefox,Android(Playwright),https://www.channelnewsasia.com,www.bing.com,.MSA.Auth.Nonce.CfDJ8Pj64jZaZ_RFrelrus2TRABvdOF90qiOkmalVmbOt62qGitvMX2-2LKB9x-lt00nz4Zy03SKLXOwrWiRInPaxtvLyXSRZ2zsE7hXv906dO2jJRUbltYULAjD-SNNfcPl5Os_CxCQ4Dw826YS0hvA5GAKKJ4f87b3m_VOQdEBbvFCqQhekYGpVMrFBG_M8gCf9CUFFO8celeUvHv1LwOtCBGiuZHzsEGLA789CtdUCSI1o65JgeQsEXscsmb_Yd60Wef_FG_ngQJopDxDnemaKtc,/,Yes,True,True,2026-10-07  13:05:53
Firefox,Android(Playwright),https://www.channelnewsasia.com,www.bing.com,.MSA.Auth.Correlation.7Vn6NIZYA06La5EjhFKi89f9bsxVLi30eQkKt741D-E,/,Yes,True,True,2026-10-07  13:05:53
Firefox,Android(Playwright),https://www.channelnewsasia.com,.login.microsoftonline.com,esctx-M9DGCZ3ZQ,/,No,True,True,2026-10-07  13:05:53
Firefox,Android(Playwright),https://www.channelnewsasia.com,login.microsoftonline.com,fpc,/,Yes,True,True,2026-10-07  13:05:53
Firefox,Android(Playwright),https://www.channelnewsasia.com,login.microsoftonline.com,x-ms-gateway-slice,/,No,True,True,2026-10-07  13:05:53
Firefox,Android(Playwright),https://www.channelnewsasia.com,login.microsoftonline.com,stsservicecookie,/,No,True,True,2026-10-07  13:05:53
Firefox,Android(Playwright),https://www.channelnewsasia.com,.login.live.com,MSPRequ,/,No,True,True,2026-10-07  13:05:53
Firefox,Android(Playwright),https://www.channelnewsasia.com,.login.live.com,uaid,/,No,True,True,2026-10-07  13:05:53
Firefox,Android(Playwright),https://www.channelnewsasia.com,.login.live.com,OParams,/,No,True,True,2026-10-07  13:05:53
Firefox,Android(Playwright),https://www.channelnewsasia.com,.login.live.com,MSPBack,/,No,True,False,2026-10-07  13:05:53
Firefox,Android(Playwright),https://www.channelnewsasia.com,www.channelnewsasia.com,nlbi_1015034,/,No,False,True,2026-10-07  13:05:53
Firefox,Android(Playwright),https://www.channelnewsasia.com,www.channelnewsasia.com,visid_incap_1015034,/,Yes,False,True,2026-10-07  13:05:53
Firefox,Android(Playwright),https://www.channelnewsasia.com,www.channelnewsasia.com,incap_ses_537_1015034,/,No,False,False,2026-10-07  13:05:53
Firefox,Android(Playwright),https://www.channelnewsasia.com,.demdex.net,demdex,/,Yes,True,False,2026-10-07  13:05:53
Firefox,Android(Playwright),https://www.channelnewsasia.com,.channelnewsasia.com,AMCVS_B464317853A9C8390A490D4E%40AdobeOrg,/,No,False,False,2026-10-07  13:05:53
Firefox,Android(Playwright),https://www.channelnewsasia.com,.channelnewsasia.com,AMCV_B464317853A9C8390A490D4E%40AdobeOrg,/,Yes,False,False,2026-10-07  13:05:53
Firefox,Android(Playwright),https://www.channelnewsasia.com,.youtube.com,__Secure-YNID,/,Yes,True,True,2026-10-07  13:05:53
Firefox,Android(Playwright),https://www.channelnewsasia.com,.youtube.com,__Secure-ROLLOUT_TOKEN,/,Yes,True,True,2026-10-07  13:05:53
Firefox,Android(Playwright),https://www.channelnewsasia.com,.youtube.com,VISITOR_INFO1_LIVE,/,Yes,True,True,2026-10-07  13:05:53
Firefox,Android(Playwright),https://www.channelnewsasia.com,.youtube.com,VISITOR_PRIVACY_METADATA,/,Yes,True,True,2026-10-07  13:05:53
Firefox,Android(Playwright),https://www.channelnewsasia.com,recommend-zoom.mediacorp.sg,visid_incap_2389744,/,Yes,True,True,2026-10-07  13:05:53
Firefox,Android(Playwright),https://www.channelnewsasia.com,recommend-zoom.mediacorp.sg,incap_ses_568_2389744,/,No,True,False,2026-10-07  13:05:53
Firefox,Android(Playwright),https://www.channelnewsasia.com,www.channelnewsasia.com,___utmvc,/,Yes,False,False,2026-10-07  13:05:53
Firefox,Android(Playwright),https://www.channelnewsasia.com,www.channelnewsasia.com,incap_ses_553_1015034,/,No,False,False,2026-10-07  13:05:53
Firefox,Android(Playwright),https://www.channelnewsasia.com,uid.mediacorp.sg,visid_incap_1641929,/,Yes,True,True,2026-10-07  13:05:53
Firefox,Android(Playwright),https://www.channelnewsasia.com,uid.mediacorp.sg,incap_ses_553_1641929,/,No,True,False,2026-10-07  13:05:53
Firefox,Android(Playwright),https://www.channelnewsasia.com,www.channelnewsasia.com,country_code,/,Yes,False,False,2026-10-07  13:05:53
Firefox,Android(Playwright),https://www.channelnewsasia.com,.channelnewsasia.com,fastStartRead,/,No,False,False,2026-10-07  13:05:53
Firefox,Android(Playwright),https://www.channelnewsasia.com,.channelnewsasia.com,_gcl_au,/,Yes,False,False,2026-10-07  13:05:53
Firefox,Android(Playwright),https://www.channelnewsasia.com,www.channelnewsasia.com,ga_pageviews,/,Yes,False,False,2026-10-07  13:05:53
Firefox,Android(Playwright),https://dailymail.co.uk,.youtube.com,__Secure-BUCKET,/,Yes,True,True,2026-10-07  13:05:59
Firefox,Android(Playwright),https://dailymail.co.uk,.youtube.com,__Secure-YENID,/,Yes,True,True,2026-10-07  13:05:59
Firefox,Android(Playwright),https://dailymail.co.uk,.youtube.com,YSC,/,No,True,True,2026-10-07  13:05:59
Firefox,Android(Playwright),https://dailymail.co.uk,.youtube.com,__Secure-YEC,/,Yes,True,True,2026-10-07  13:05:59
Firefox,Android(Playwright),https://dailymail.co.uk,.youtube.com,PREF,/,Yes,True,False,2026-10-07  13:05:59
Firefox,Android(Playwright),https://dailymail.co.uk,.google.com,SOCS,/,Yes,True,False,2026-10-07  13:05:59
Firefox,Android(Playwright),https://dailymail.co.uk,.google.com,SEARCH_SAMESITE,/,Yes,False,False,2026-10-07  13:05:59
Firefox,Android(Playwright),https://dailymail.co.uk,.google.com,AEC,/,Yes,True,True,2026-10-07  13:05:59
Firefox,Android(Playwright),https://dailymail.co.uk,.google.com,__Secure-ENID,/,Yes,True,True,2026-10-07  13:05:59
Firefox,Android(Playwright),https://dailymail.co.uk,.bing.com,MUID,/,Yes,True,False,2026-10-07  13:05:59
Firefox,Android(Playwright),https://dailymail.co.uk,bing.com,MUIDB,/,Yes,False,True,2026-10-07  13:05:59
Firefox,Android(Playwright),https://dailymail.co.uk,.bing.com,_EDGE_S,/,No,False,True,2026-10-07  13:05:59
Firefox,Android(Playwright),https://dailymail.co.uk,.bing.com,_EDGE_V,/,Yes,False,True,2026-10-07  13:05:59
Firefox,Android(Playwright),https://dailymail.co.uk,www.bing.com,MUIDB,/,Yes,False,True,2026-10-07  13:05:59
Firefox,Android(Playwright),https://dailymail.co.uk,www.bing.com,__Host-XY,/,Yes,True,True,2026-10-07  13:05:59
Firefox,Android(Playwright),https://dailymail.co.uk,.bing.com,SRCHD,/,Yes,True,False,2026-10-07  13:05:59
Firefox,Android(Playwright),https://dailymail.co.uk,.bing.com,SRCHUID,/,Yes,True,False,2026-10-07  13:05:59
Firefox,Android(Playwright),https://dailymail.co.uk,.bing.com,_SS,/,No,True,False,2026-10-07  13:05:59
Firefox,Android(Playwright),https://dailymail.co.uk,.bing.com,ak_bmsc,/,Yes,False,True,2026-10-07  13:05:59
Firefox,Android(Playwright),https://dailymail.co.uk,.bing.com,SRCHUSR,/,Yes,True,False,2026-10-07  13:05:59
Firefox,Android(Playwright),https://dailymail.co.uk,.bing.com,SRCHHPGUSR,/,Yes,True,False,2026-10-07  13:05:59
Firefox,Android(Playwright),https://dailymail.co.uk,.bing.com,_HPVN,/,Yes,True,False,2026-10-07  13:05:59
Firefox,Android(Playwright),https://dailymail.co.uk,www.bing.com,.MSA.Auth.Nonce.CfDJ8Pj64jZaZ_RFrelrus2TRABvdOF90qiOkmalVmbOt62qGitvMX2-2LKB9x-lt00nz4Zy03SKLXOwrWiRInPaxtvLyXSRZ2zsE7hXv906dO2jJRUbltYULAjD-SNNfcPl5Os_CxCQ4Dw826YS0hvA5GAKKJ4f87b3m_VOQdEBbvFCqQhekYGpVMrFBG_M8gCf9CUFFO8celeUvHv1LwOtCBGiuZHzsEGLA789CtdUCSI1o65JgeQsEXscsmb_Yd60Wef_FG_ngQJopDxDnemaKtc,/,Yes,True,True,2026-10-07  13:05:59
Firefox,Android(Playwright),https://dailymail.co.uk,www.bing.com,.MSA.Auth.Correlation.7Vn6NIZYA06La5EjhFKi89f9bsxVLi30eQkKt741D-E,/,Yes,True,True,2026-10-07  13:05:59
Firefox,Android(Playwright),https://dailymail.co.uk,.login.microsoftonline.com,esctx-M9DGCZ3ZQ,/,No,True,True,2026-10-07  13:05:59
Firefox,Android(Playwright),https://dailymail.co.uk,login.microsoftonline.com,fpc,/,Yes,True,True,2026-10-07  13:05:59
Firefox,Android(Playwright),https://dailymail.co.uk,login.microsoftonline.com,x-ms-gateway-slice,/,No,True,True,2026-10-07  13:05:59
Firefox,Android(Playwright),https://dailymail.co.uk,login.microsoftonline.com,stsservicecookie,/,No,True,True,2026-10-07  13:05:59
Firefox,Android(Playwright),https://dailymail.co.uk,.login.live.com,MSPRequ,/,No,True,True,2026-10-07  13:05:59
Firefox,Android(Playwright),https://dailymail.co.uk,.login.live.com,uaid,/,No,True,True,2026-10-07  13:05:59
Firefox,Android(Playwright),https://dailymail.co.uk,.login.live.com,OParams,/,No,True,True,2026-10-07  13:05:59
Firefox,Android(Playwright),https://dailymail.co.uk,.login.live.com,MSPBack,/,No,True,False,2026-10-07  13:05:59
Firefox,Android(Playwright),https://dailymail.co.uk,www.channelnewsasia.com,nlbi_1015034,/,No,False,True,2026-10-07  13:05:59
Firefox,Android(Playwright),https://dailymail.co.uk,www.channelnewsasia.com,visid_incap_1015034,/,Yes,False,True,2026-10-07  13:05:59
Firefox,Android(Playwright),https://dailymail.co.uk,www.channelnewsasia.com,incap_ses_537_1015034,/,No,False,False,2026-10-07  13:05:59
Firefox,Android(Playwright),https://dailymail.co.uk,.demdex.net,demdex,/,Yes,True,False,2026-10-07  13:05:59
Firefox,Android(Playwright),https://dailymail.co.uk,.channelnewsasia.com,AMCVS_B464317853A9C8390A490D4E%40AdobeOrg,/,No,False,False,2026-10-07  13:05:59
Firefox,Android(Playwright),https://dailymail.co.uk,.channelnewsasia.com,AMCV_B464317853A9C8390A490D4E%40AdobeOrg,/,Yes,False,False,2026-10-07  13:05:59
Firefox,Android(Playwright),https://dailymail.co.uk,.youtube.com,VISITOR_INFO1_LIVE,/,Yes,True,True,2026-10-07  13:05:59
Firefox,Android(Playwright),https://dailymail.co.uk,.youtube.com,VISITOR_PRIVACY_METADATA,/,Yes,True,True,2026-10-07  13:05:59
Firefox,Android(Playwright),https://dailymail.co.uk,recommend-zoom.mediacorp.sg,visid_incap_2389744,/,Yes,True,True,2026-10-07  13:05:59
Firefox,Android(Playwright),https://dailymail.co.uk,recommend-zoom.mediacorp.sg,incap_ses_568_2389744,/,No,True,False,2026-10-07  13:05:59
Firefox,Android(Playwright),https://dailymail.co.uk,www.channelnewsasia.com,incap_ses_553_1015034,/,No,False,False,2026-10-07  13:05:59
Firefox,Android(Playwright),https://dailymail.co.uk,uid.mediacorp.sg,visid_incap_1641929,/,Yes,True,True,2026-10-07  13:05:59
Firefox,Android(Playwright),https://dailymail.co.uk,uid.mediacorp.sg,incap_ses_553_1641929,/,No,True,False,2026-10-07  13:05:59
Firefox,Android(Playwright),https://dailymail.co.uk,www.channelnewsasia.com,country_code,/,Yes,False,False,2026-10-07  13:05:59
Firefox,Android(Playwright),https://dailymail.co.uk,www.channelnewsasia.com,ga_pageviews,/,Yes,False,False,2026-10-07  13:05:59
Firefox,Android(Playwright),https://dailymail.co.uk,.youtube.com,__Secure-YNID,/,Yes,True,True,2026-10-07  13:05:59
Firefox,Android(Playwright),https://dailymail.co.uk,.youtube.com,__Secure-ROLLOUT_TOKEN,/,Yes,True,True,2026-10-07  13:05:59
Firefox,Android(Playwright),https://dailymail.co.uk,.channelnewsasia.com,UID,/,Yes,True,False,2026-10-07  13:05:59
Firefox,Android(Playwright),https://dailymail.co.uk,www.channelnewsasia.com,UID,/,Yes,True,False,2026-10-07  13:05:59
Firefox,Android(Playwright),https://dailymail.co.uk,.channelnewsasia.com,fastStartRead,/,No,False,False,2026-10-07  13:05:59
Firefox,Android(Playwright),https://dailymail.co.uk,www.channelnewsasia.com,___utmvc,/,Yes,False,False,2026-10-07  13:05:59
Firefox,Android(Playwright),https://dailymail.co.uk,.mediacorp.sg,UID,/,Yes,True,True,2026-10-07  13:05:59
Firefox,Android(Playwright),https://dailymail.co.uk,uid.mediacorp.sg,UIDPriorityDomain,/,Yes,True,True,2026-10-07  13:05:59
Firefox,Android(Playwright),https://dailymail.co.uk,.tiktok.com,_ttp,/,Yes,True,False,2026-10-07  13:05:59
Firefox,Android(Playwright),https://dailymail.co.uk,.channelnewsasia.com,_ga,/,Yes,False,False,2026-10-07  13:05:59
Firefox,Android(Playwright),https://dailymail.co.uk,.channelnewsasia.com,_gid,/,Yes,False,False,2026-10-07  13:05:59
Firefox,Android(Playwright),https://dailymail.co.uk,.channelnewsasia.com,_gat_UA-55184547-1,/,Yes,False,False,2026-10-07  13:05:59
Firefox,Android(Playwright),https://dailymail.co.uk,.channelnewsasia.com,MeID_Seg,/,Yes,True,False,2026-10-07  13:05:59
Firefox,Android(Playwright),https://dailymail.co.uk,.channelnewsasia.com,adtechTargetingKeys,/,Yes,True,False,2026-10-07  13:05:59
Firefox,Android(Playwright),https://dailymail.co.uk,.channelnewsasia.com,_rdt_uuid,/,Yes,True,False,2026-10-07  13:05:59
Firefox,Android(Playwright),https://dailymail.co.uk,www.channelnewsasia.com,nlbi_1015034_2147483392,/,No,False,True,2026-10-07  13:05:59
Firefox,Android(Playwright),https://dailymail.co.uk,www.channelnewsasia.com,incap_ses_568_1015034,/,No,False,False,2026-10-07  13:05:59
Firefox,Android(Playwright),https://dailymail.co.uk,.channelnewsasia.com,reese84,/,Yes,False,False,2026-10-07  13:05:59
Firefox,Android(Playwright),https://dailymail.co.uk,.channelnewsasia.com,_tt_enable_cookie,/,Yes,False,False,2026-10-07  13:05:59
Firefox,Android(Playwright),https://dailymail.co.uk,.channelnewsasia.com,_ttp,/,Yes,False,False,2026-10-07  13:05:59
Firefox,Android(Playwright),https://dailymail.co.uk,.channelnewsasia.com,_gcl_au,/,Yes,False,False,2026-10-07  13:05:59
Firefox,Android(Playwright),https://dailymail.co.uk,.channelnewsasia.com,ttcsid,/,Yes,False,False,2026-10-07  13:05:59
Firefox,Android(Playwright),https://dailymail.co.uk,.channelnewsasia.com,ttcsid_CIIGQ1RC77UDH96VIQRG,/,Yes,False,False,2026-10-07  13:05:59
Firefox,Android(Playwright),https://dailymail.co.uk,.channelnewsasia.com,_fbp,/,Yes,False,False,2026-10-07  13:05:59
Firefox,Android(Playwright),https://dailymail.co.uk,.dailymail.com,AKA_A2,/,Yes,True,True,2026-10-07  13:05:59
Firefox,Android(Playwright),https://dailymail.co.uk,.dailymail.com,bm_so,/,Yes,True,False,2026-10-07  13:05:59
Firefox,Android(Playwright),https://dailymail.co.uk,.channelnewsasia.com,_ga_M37SY0BV84,/,Yes,False,False,2026-10-07  13:05:59
Firefox,Android(Playwright),https://dailymail.co.uk,.linkedin.com,bcookie,/,Yes,True,False,2026-10-07  13:05:59
Firefox,Android(Playwright),https://dailymail.co.uk,.linkedin.com,li_gc,/,Yes,True,False,2026-10-07  13:05:59
Firefox,Android(Playwright),https://dailymail.co.uk,.linkedin.com,lidc,/,Yes,True,False,2026-10-07  13:05:59
Firefox,Android(Playwright),https://dailymail.co.uk,.linkedin.com,__cf_bm,/,Yes,True,True,2026-10-07  13:05:59
Firefox,Android(Playwright),https://dailymail.co.uk,.www.dailymail.com,bm_lso,/,Yes,False,False,2026-10-07  13:05:59
Firefox,Android(Playwright),https://dailymail.co.uk,.dailymail.com,ak_bmsc,/,Yes,False,True,2026-10-07  13:05:59
Firefox,Android(Playwright),https://dailymail.co.uk,.dailymail.com,bm_s,/,Yes,True,True,2026-10-07  13:05:59
Firefox,Android(Playwright),https://dailymail.co.uk,.dailymail.com,bm_sc,/,Yes,True,False,2026-10-07  13:05:59
Firefox,Android(Playwright),https://dailymail.co.uk,.dailymail.com,bm_sv,/,Yes,True,False,2026-10-07  13:05:59
Firefox,Android(Playwright),https://dailymail.co.uk,.www.dailymail.com,gab,/,No,True,False,2026-10-07  13:05:59
Firefox,Android(Playwright),https://dailymail.co.uk,www.dailymail.com,dm_clientsegment,/,Yes,False,False,2026-10-07  13:05:59
Firefox,Android(Playwright),https://foxnews.com,.youtube.com,__Secure-BUCKET,/,Yes,True,True,2026-10-07  13:06:06
Firefox,Android(Playwright),https://foxnews.com,.youtube.com,__Secure-YENID,/,Yes,True,True,2026-10-07  13:06:06
Firefox,Android(Playwright),https://foxnews.com,.youtube.com,YSC,/,No,True,True,2026-10-07  13:06:06
Firefox,Android(Playwright),https://foxnews.com,.youtube.com,__Secure-YEC,/,Yes,True,True,2026-10-07  13:06:06
Firefox,Android(Playwright),https://foxnews.com,.youtube.com,PREF,/,Yes,True,False,2026-10-07  13:06:06
Firefox,Android(Playwright),https://foxnews.com,.google.com,SOCS,/,Yes,True,False,2026-10-07  13:06:06
Firefox,Android(Playwright),https://foxnews.com,.google.com,SEARCH_SAMESITE,/,Yes,False,False,2026-10-07  13:06:06
Firefox,Android(Playwright),https://foxnews.com,.google.com,AEC,/,Yes,True,True,2026-10-07  13:06:06
Firefox,Android(Playwright),https://foxnews.com,.google.com,__Secure-ENID,/,Yes,True,True,2026-10-07  13:06:06
Firefox,Android(Playwright),https://foxnews.com,.bing.com,MUID,/,Yes,True,False,2026-10-07  13:06:06
Firefox,Android(Playwright),https://foxnews.com,bing.com,MUIDB,/,Yes,False,True,2026-10-07  13:06:06
Firefox,Android(Playwright),https://foxnews.com,.bing.com,_EDGE_S,/,No,False,True,2026-10-07  13:06:06
Firefox,Android(Playwright),https://foxnews.com,.bing.com,_EDGE_V,/,Yes,False,True,2026-10-07  13:06:06
Firefox,Android(Playwright),https://foxnews.com,www.bing.com,MUIDB,/,Yes,False,True,2026-10-07  13:06:06
Firefox,Android(Playwright),https://foxnews.com,www.bing.com,__Host-XY,/,Yes,True,True,2026-10-07  13:06:06
Firefox,Android(Playwright),https://foxnews.com,.bing.com,SRCHD,/,Yes,True,False,2026-10-07  13:06:06
Firefox,Android(Playwright),https://foxnews.com,.bing.com,SRCHUID,/,Yes,True,False,2026-10-07  13:06:06
Firefox,Android(Playwright),https://foxnews.com,.bing.com,_SS,/,No,True,False,2026-10-07  13:06:06
Firefox,Android(Playwright),https://foxnews.com,.bing.com,ak_bmsc,/,Yes,False,True,2026-10-07  13:06:06
Firefox,Android(Playwright),https://foxnews.com,.bing.com,SRCHUSR,/,Yes,True,False,2026-10-07  13:06:06
Firefox,Android(Playwright),https://foxnews.com,.bing.com,SRCHHPGUSR,/,Yes,True,False,2026-10-07  13:06:06
Firefox,Android(Playwright),https://foxnews.com,.bing.com,_HPVN,/,Yes,True,False,2026-10-07  13:06:06
Firefox,Android(Playwright),https://foxnews.com,www.bing.com,.MSA.Auth.Nonce.CfDJ8Pj64jZaZ_RFrelrus2TRABvdOF90qiOkmalVmbOt62qGitvMX2-2LKB9x-lt00nz4Zy03SKLXOwrWiRInPaxtvLyXSRZ2zsE7hXv906dO2jJRUbltYULAjD-SNNfcPl5Os_CxCQ4Dw826YS0hvA5GAKKJ4f87b3m_VOQdEBbvFCqQhekYGpVMrFBG_M8gCf9CUFFO8celeUvHv1LwOtCBGiuZHzsEGLA789CtdUCSI1o65JgeQsEXscsmb_Yd60Wef_FG_ngQJopDxDnemaKtc,/,Yes,True,True,2026-10-07  13:06:06
Firefox,Android(Playwright),https://foxnews.com,www.bing.com,.MSA.Auth.Correlation.7Vn6NIZYA06La5EjhFKi89f9bsxVLi30eQkKt741D-E,/,Yes,True,True,2026-10-07  13:06:06
Firefox,Android(Playwright),https://foxnews.com,.login.microsoftonline.com,esctx-M9DGCZ3ZQ,/,No,True,True,2026-10-07  13:06:06
Firefox,Android(Playwright),https://foxnews.com,login.microsoftonline.com,fpc,/,Yes,True,True,2026-10-07  13:06:06
Firefox,Android(Playwright),https://foxnews.com,login.microsoftonline.com,x-ms-gateway-slice,/,No,True,True,2026-10-07  13:06:06
Firefox,Android(Playwright),https://foxnews.com,login.microsoftonline.com,stsservicecookie,/,No,True,True,2026-10-07  13:06:06
Firefox,Android(Playwright),https://foxnews.com,.login.live.com,MSPRequ,/,No,True,True,2026-10-07  13:06:06
Firefox,Android(Playwright),https://foxnews.com,.login.live.com,uaid,/,No,True,True,2026-10-07  13:06:06
Firefox,Android(Playwright),https://foxnews.com,.login.live.com,OParams,/,No,True,True,2026-10-07  13:06:06
Firefox,Android(Playwright),https://foxnews.com,.login.live.com,MSPBack,/,No,True,False,2026-10-07  13:06:06
Firefox,Android(Playwright),https://foxnews.com,www.channelnewsasia.com,nlbi_1015034,/,No,False,True,2026-10-07  13:06:06
Firefox,Android(Playwright),https://foxnews.com,www.channelnewsasia.com,visid_incap_1015034,/,Yes,False,True,2026-10-07  13:06:06
Firefox,Android(Playwright),https://foxnews.com,www.channelnewsasia.com,incap_ses_537_1015034,/,No,False,False,2026-10-07  13:06:06
Firefox,Android(Playwright),https://foxnews.com,.demdex.net,demdex,/,Yes,True,False,2026-10-07  13:06:06
Firefox,Android(Playwright),https://foxnews.com,.channelnewsasia.com,AMCVS_B464317853A9C8390A490D4E%40AdobeOrg,/,No,False,False,2026-10-07  13:06:06
Firefox,Android(Playwright),https://foxnews.com,.channelnewsasia.com,AMCV_B464317853A9C8390A490D4E%40AdobeOrg,/,Yes,False,False,2026-10-07  13:06:06
Firefox,Android(Playwright),https://foxnews.com,.youtube.com,VISITOR_INFO1_LIVE,/,Yes,True,True,2026-10-07  13:06:06
Firefox,Android(Playwright),https://foxnews.com,.youtube.com,VISITOR_PRIVACY_METADATA,/,Yes,True,True,2026-10-07  13:06:06
Firefox,Android(Playwright),https://foxnews.com,recommend-zoom.mediacorp.sg,visid_incap_2389744,/,Yes,True,True,2026-10-07  13:06:06
Firefox,Android(Playwright),https://foxnews.com,recommend-zoom.mediacorp.sg,incap_ses_568_2389744,/,No,True,False,2026-10-07  13:06:06
Firefox,Android(Playwright),https://foxnews.com,www.channelnewsasia.com,incap_ses_553_1015034,/,No,False,False,2026-10-07  13:06:06
Firefox,Android(Playwright),https://foxnews.com,uid.mediacorp.sg,visid_incap_1641929,/,Yes,True,True,2026-10-07  13:06:06
Firefox,Android(Playwright),https://foxnews.com,uid.mediacorp.sg,incap_ses_553_1641929,/,No,True,False,2026-10-07  13:06:06
Firefox,Android(Playwright),https://foxnews.com,www.channelnewsasia.com,country_code,/,Yes,False,False,2026-10-07  13:06:06
Firefox,Android(Playwright),https://foxnews.com,www.channelnewsasia.com,ga_pageviews,/,Yes,False,False,2026-10-07  13:06:06
Firefox,Android(Playwright),https://foxnews.com,.youtube.com,__Secure-YNID,/,Yes,True,True,2026-10-07  13:06:06
Firefox,Android(Playwright),https://foxnews.com,.youtube.com,__Secure-ROLLOUT_TOKEN,/,Yes,True,True,2026-10-07  13:06:06
Firefox,Android(Playwright),https://foxnews.com,.channelnewsasia.com,UID,/,Yes,True,False,2026-10-07  13:06:06
Firefox,Android(Playwright),https://foxnews.com,www.channelnewsasia.com,UID,/,Yes,True,False,2026-10-07  13:06:06
Firefox,Android(Playwright),https://foxnews.com,.channelnewsasia.com,fastStartRead,/,No,False,False,2026-10-07  13:06:06
Firefox,Android(Playwright),https://foxnews.com,www.channelnewsasia.com,___utmvc,/,Yes,False,False,2026-10-07  13:06:06
Firefox,Android(Playwright),https://foxnews.com,.mediacorp.sg,UID,/,Yes,True,True,2026-10-07  13:06:06
Firefox,Android(Playwright),https://foxnews.com,uid.mediacorp.sg,UIDPriorityDomain,/,Yes,True,True,2026-10-07  13:06:06
Firefox,Android(Playwright),https://foxnews.com,.tiktok.com,_ttp,/,Yes,True,False,2026-10-07  13:06:06
Firefox,Android(Playwright),https://foxnews.com,.channelnewsasia.com,_ga,/,Yes,False,False,2026-10-07  13:06:06
Firefox,Android(Playwright),https://foxnews.com,.channelnewsasia.com,_gid,/,Yes,False,False,2026-10-07  13:06:06
Firefox,Android(Playwright),https://foxnews.com,.channelnewsasia.com,_gat_UA-55184547-1,/,Yes,False,False,2026-10-07  13:06:06
Firefox,Android(Playwright),https://foxnews.com,.channelnewsasia.com,MeID_Seg,/,Yes,True,False,2026-10-07  13:06:06
Firefox,Android(Playwright),https://foxnews.com,.channelnewsasia.com,adtechTargetingKeys,/,Yes,True,False,2026-10-07  13:06:06
Firefox,Android(Playwright),https://foxnews.com,.channelnewsasia.com,_rdt_uuid,/,Yes,True,False,2026-10-07  13:06:06
Firefox,Android(Playwright),https://foxnews.com,www.channelnewsasia.com,nlbi_1015034_2147483392,/,No,False,True,2026-10-07  13:06:06
Firefox,Android(Playwright),https://foxnews.com,www.channelnewsasia.com,incap_ses_568_1015034,/,No,False,False,2026-10-07  13:06:06
Firefox,Android(Playwright),https://foxnews.com,.channelnewsasia.com,reese84,/,Yes,False,False,2026-10-07  13:06:06
Firefox,Android(Playwright),https://foxnews.com,.channelnewsasia.com,_tt_enable_cookie,/,Yes,False,False,2026-10-07  13:06:06
Firefox,Android(Playwright),https://foxnews.com,.channelnewsasia.com,_ttp,/,Yes,False,False,2026-10-07  13:06:06
Firefox,Android(Playwright),https://foxnews.com,.channelnewsasia.com,_gcl_au,/,Yes,False,False,2026-10-07  13:06:06
Firefox,Android(Playwright),https://foxnews.com,.channelnewsasia.com,ttcsid,/,Yes,False,False,2026-10-07  13:06:06
Firefox,Android(Playwright),https://foxnews.com,.channelnewsasia.com,ttcsid_CIIGQ1RC77UDH96VIQRG,/,Yes,False,False,2026-10-07  13:06:06
Firefox,Android(Playwright),https://foxnews.com,.channelnewsasia.com,_fbp,/,Yes,False,False,2026-10-07  13:06:06
Firefox,Android(Playwright),https://foxnews.com,.dailymail.com,AKA_A2,/,Yes,True,True,2026-10-07  13:06:06
Firefox,Android(Playwright),https://foxnews.com,.dailymail.com,bm_so,/,Yes,True,False,2026-10-07  13:06:06
Firefox,Android(Playwright),https://foxnews.com,.channelnewsasia.com,_ga_M37SY0BV84,/,Yes,False,False,2026-10-07  13:06:06
Firefox,Android(Playwright),https://foxnews.com,.linkedin.com,bcookie,/,Yes,True,False,2026-10-07  13:06:06
Firefox,Android(Playwright),https://foxnews.com,.linkedin.com,li_gc,/,Yes,True,False,2026-10-07  13:06:06
Firefox,Android(Playwright),https://foxnews.com,.linkedin.com,lidc,/,Yes,True,False,2026-10-07  13:06:06
Firefox,Android(Playwright),https://foxnews.com,.linkedin.com,__cf_bm,/,Yes,True,True,2026-10-07  13:06:06
Firefox,Android(Playwright),https://foxnews.com,.www.dailymail.com,bm_lso,/,Yes,False,False,2026-10-07  13:06:06
Firefox,Android(Playwright),https://foxnews.com,.dailymail.com,ak_bmsc,/,Yes,False,True,2026-10-07  13:06:06
Firefox,Android(Playwright),https://foxnews.com,.dailymail.com,bm_s,/,Yes,True,True,2026-10-07  13:06:06
Firefox,Android(Playwright),https://foxnews.com,.dailymail.com,bm_sc,/,Yes,True,False,2026-10-07  13:06:06
Firefox,Android(Playwright),https://foxnews.com,.www.dailymail.com,gab,/,No,True,False,2026-10-07  13:06:06
Firefox,Android(Playwright),https://foxnews.com,www.dailymail.com,dm_clientsegment,/,Yes,False,False,2026-10-07  13:06:06
Firefox,Android(Playwright),https://foxnews.com,.dailymail.com,bm_sv,/,Yes,True,False,2026-10-07  13:06:06
Firefox,Android(Playwright),https://foxnews.com,.foxnews.com,FXN_flk,/,Yes,False,False,2026-10-07  13:06:06
Firefox,Android(Playwright),https://foxnews.com,.foxnews.com,EID,/,Yes,False,False,2026-10-07  13:06:06
Firefox,Android(Playwright),https://foxnews.com,.foxnews.com,kn_cs_visitor_id,/,Yes,True,False,2026-10-07  13:06:06
Firefox,Android(Playwright),https://foxnews.com,.foxnews.com,xid,/,Yes,True,False,2026-10-07  13:06:06
Firefox,Android(Playwright),https://foxnews.com,.foxnews.com,fn_wps_meta,/,Yes,False,False,2026-10-07  13:06:06
Firefox,Android(Playwright),https://foxnews.com,.foxnews.com,ab.storage.deviceId.275a5f1b-9bdf-455f-ba87-81c7b20ce830,/,Yes,False,False,2026-10-07  13:06:06
Firefox,Android(Playwright),https://foxnews.com,.foxnews.com,ab.storage.sessionId.275a5f1b-9bdf-455f-ba87-81c7b20ce830,/,Yes,False,False,2026-10-07  13:06:06
Firefox,Android(Playwright),https://foxnews.com,.foxnews.com,foxkitEventServiceSessionData,/,Yes,False,False,2026-10-07  13:06:06
Firefox,Android(Playwright),https://foxnews.com,.foxnews.com,s_ecid,/,Yes,False,False,2026-10-07  13:06:06
Firefox,Android(Playwright),https://foxnews.com,.foxnews.com,AMCVS_17FC406C5357BA6E0A490D4D%40AdobeOrg,/,No,False,False,2026-10-07  13:06:06
Firefox,Android(Playwright),https://foxnews.com,.foxnews.com,AMCV_17FC406C5357BA6E0A490D4D%40AdobeOrg,/,Yes,False,False,2026-10-07  13:06:06
Firefox,Android(Playwright),https://foxnews.com,.foxnews.com,s_sess,/,No,False,False,2026-10-07  13:06:06
Firefox,Android(Playwright),https://foxnews.com,.foxnews.com,s_pers,/,Yes,False,False,2026-10-07  13:06:06
Firefox,Android(Playwright),https://foxnews.com,.foxnews.com,s_cc,/,No,False,False,2026-10-07  13:06:06
Firefox,Android(Playwright),https://foxnews.com,.knotch.it,visitor_id,/,Yes,True,True,2026-10-07  13:06:06
Firefox,Android(Playwright),https://foxnews.com,.knotch.it,optout,/,Yes,True,True,2026-10-07  13:06:06
Firefox,Android(Playwright),https://msn.com,assets.msn.com,_C_Auth,/service/news/feed/pages,No,False,False,2026-10-07  13:06:13
Firefox,Android(Playwright),https://msn.com,.msn.com,MUID,/service/news/feed/pages,No,True,False,2026-10-07  13:06:13
Firefox,Android(Playwright),https://msn.com,.msn.com,MUIDB,/service/news/feed/pages,No,True,False,2026-10-07  13:06:13
Firefox,Android(Playwright),https://msn.com,.youtube.com,__Secure-BUCKET,/,Yes,True,True,2026-10-07  13:06:13
Firefox,Android(Playwright),https://msn.com,.youtube.com,__Secure-YENID,/,Yes,True,True,2026-10-07  13:06:13
Firefox,Android(Playwright),https://msn.com,.youtube.com,YSC,/,No,True,True,2026-10-07  13:06:13
Firefox,Android(Playwright),https://msn.com,.youtube.com,__Secure-YEC,/,Yes,True,True,2026-10-07  13:06:13
Firefox,Android(Playwright),https://msn.com,.youtube.com,PREF,/,Yes,True,False,2026-10-07  13:06:13
Firefox,Android(Playwright),https://msn.com,.google.com,SOCS,/,Yes,True,False,2026-10-07  13:06:13
Firefox,Android(Playwright),https://msn.com,.google.com,SEARCH_SAMESITE,/,Yes,False,False,2026-10-07  13:06:13
Firefox,Android(Playwright),https://msn.com,.google.com,AEC,/,Yes,True,True,2026-10-07  13:06:13
Firefox,Android(Playwright),https://msn.com,.google.com,__Secure-ENID,/,Yes,True,True,2026-10-07  13:06:13
Firefox,Android(Playwright),https://msn.com,.bing.com,MUID,/,Yes,True,False,2026-10-07  13:06:13
Firefox,Android(Playwright),https://msn.com,bing.com,MUIDB,/,Yes,False,True,2026-10-07  13:06:13
Firefox,Android(Playwright),https://msn.com,.bing.com,_EDGE_S,/,No,False,True,2026-10-07  13:06:13
Firefox,Android(Playwright),https://msn.com,.bing.com,_EDGE_V,/,Yes,False,True,2026-10-07  13:06:13
Firefox,Android(Playwright),https://msn.com,www.bing.com,MUIDB,/,Yes,False,True,2026-10-07  13:06:13
Firefox,Android(Playwright),https://msn.com,www.bing.com,__Host-XY,/,Yes,True,True,2026-10-07  13:06:13
Firefox,Android(Playwright),https://msn.com,.bing.com,SRCHD,/,Yes,True,False,2026-10-07  13:06:13
Firefox,Android(Playwright),https://msn.com,.bing.com,SRCHUID,/,Yes,True,False,2026-10-07  13:06:13
Firefox,Android(Playwright),https://msn.com,.bing.com,_SS,/,No,True,False,2026-10-07  13:06:13
Firefox,Android(Playwright),https://msn.com,.bing.com,ak_bmsc,/,Yes,False,True,2026-10-07  13:06:13
Firefox,Android(Playwright),https://msn.com,.bing.com,SRCHUSR,/,Yes,True,False,2026-10-07  13:06:13
Firefox,Android(Playwright),https://msn.com,.bing.com,SRCHHPGUSR,/,Yes,True,False,2026-10-07  13:06:13
Firefox,Android(Playwright),https://msn.com,.bing.com,_HPVN,/,Yes,True,False,2026-10-07  13:06:13
Firefox,Android(Playwright),https://msn.com,www.bing.com,.MSA.Auth.Nonce.CfDJ8Pj64jZaZ_RFrelrus2TRABvdOF90qiOkmalVmbOt62qGitvMX2-2LKB9x-lt00nz4Zy03SKLXOwrWiRInPaxtvLyXSRZ2zsE7hXv906dO2jJRUbltYULAjD-SNNfcPl5Os_CxCQ4Dw826YS0hvA5GAKKJ4f87b3m_VOQdEBbvFCqQhekYGpVMrFBG_M8gCf9CUFFO8celeUvHv1LwOtCBGiuZHzsEGLA789CtdUCSI1o65JgeQsEXscsmb_Yd60Wef_FG_ngQJopDxDnemaKtc,/,Yes,True,True,2026-10-07  13:06:13
Firefox,Android(Playwright),https://msn.com,www.bing.com,.MSA.Auth.Correlation.7Vn6NIZYA06La5EjhFKi89f9bsxVLi30eQkKt741D-E,/,Yes,True,True,2026-10-07  13:06:13
Firefox,Android(Playwright),https://msn.com,.login.microsoftonline.com,esctx-M9DGCZ3ZQ,/,No,True,True,2026-10-07  13:06:13
Firefox,Android(Playwright),https://msn.com,login.microsoftonline.com,fpc,/,Yes,True,True,2026-10-07  13:06:13
Firefox,Android(Playwright),https://msn.com,login.microsoftonline.com,x-ms-gateway-slice,/,No,True,True,2026-10-07  13:06:13
Firefox,Android(Playwright),https://msn.com,login.microsoftonline.com,stsservicecookie,/,No,True,True,2026-10-07  13:06:13
Firefox,Android(Playwright),https://msn.com,.login.live.com,MSPRequ,/,No,True,True,2026-10-07  13:06:13
Firefox,Android(Playwright),https://msn.com,.login.live.com,uaid,/,No,True,True,2026-10-07  13:06:13
Firefox,Android(Playwright),https://msn.com,.login.live.com,OParams,/,No,True,True,2026-10-07  13:06:13
Firefox,Android(Playwright),https://msn.com,.login.live.com,MSPBack,/,No,True,False,2026-10-07  13:06:13
Firefox,Android(Playwright),https://msn.com,www.channelnewsasia.com,nlbi_1015034,/,No,False,True,2026-10-07  13:06:13
Firefox,Android(Playwright),https://msn.com,www.channelnewsasia.com,visid_incap_1015034,/,Yes,False,True,2026-10-07  13:06:13
Firefox,Android(Playwright),https://msn.com,www.channelnewsasia.com,incap_ses_537_1015034,/,No,False,False,2026-10-07  13:06:13
Firefox,Android(Playwright),https://msn.com,.demdex.net,demdex,/,Yes,True,False,2026-10-07  13:06:13
Firefox,Android(Playwright),https://msn.com,.channelnewsasia.com,AMCVS_B464317853A9C8390A490D4E%40AdobeOrg,/,No,False,False,2026-10-07  13:06:13
Firefox,Android(Playwright),https://msn.com,.channelnewsasia.com,AMCV_B464317853A9C8390A490D4E%40AdobeOrg,/,Yes,False,False,2026-10-07  13:06:13
Firefox,Android(Playwright),https://msn.com,.youtube.com,VISITOR_INFO1_LIVE,/,Yes,True,True,2026-10-07  13:06:13
Firefox,Android(Playwright),https://msn.com,.youtube.com,VISITOR_PRIVACY_METADATA,/,Yes,True,True,2026-10-07  13:06:13
Firefox,Android(Playwright),https://msn.com,recommend-zoom.mediacorp.sg,visid_incap_2389744,/,Yes,True,True,2026-10-07  13:06:13
Firefox,Android(Playwright),https://msn.com,recommend-zoom.mediacorp.sg,incap_ses_568_2389744,/,No,True,False,2026-10-07  13:06:13
Firefox,Android(Playwright),https://msn.com,www.channelnewsasia.com,incap_ses_553_1015034,/,No,False,False,2026-10-07  13:06:13
Firefox,Android(Playwright),https://msn.com,uid.mediacorp.sg,visid_incap_1641929,/,Yes,True,True,2026-10-07  13:06:13
Firefox,Android(Playwright),https://msn.com,uid.mediacorp.sg,incap_ses_553_1641929,/,No,True,False,2026-10-07  13:06:13
Firefox,Android(Playwright),https://msn.com,www.channelnewsasia.com,country_code,/,Yes,False,False,2026-10-07  13:06:13
Firefox,Android(Playwright),https://msn.com,www.channelnewsasia.com,ga_pageviews,/,Yes,False,False,2026-10-07  13:06:13
Firefox,Android(Playwright),https://msn.com,.youtube.com,__Secure-YNID,/,Yes,True,True,2026-10-07  13:06:13
Firefox,Android(Playwright),https://msn.com,.youtube.com,__Secure-ROLLOUT_TOKEN,/,Yes,True,True,2026-10-07  13:06:13
Firefox,Android(Playwright),https://msn.com,.channelnewsasia.com,UID,/,Yes,True,False,2026-10-07  13:06:13
Firefox,Android(Playwright),https://msn.com,www.channelnewsasia.com,UID,/,Yes,True,False,2026-10-07  13:06:13
Firefox,Android(Playwright),https://msn.com,.channelnewsasia.com,fastStartRead,/,No,False,False,2026-10-07  13:06:13
Firefox,Android(Playwright),https://msn.com,.mediacorp.sg,UID,/,Yes,True,True,2026-10-07  13:06:13
Firefox,Android(Playwright),https://msn.com,uid.mediacorp.sg,UIDPriorityDomain,/,Yes,True,True,2026-10-07  13:06:13
Firefox,Android(Playwright),https://msn.com,.tiktok.com,_ttp,/,Yes,True,False,2026-10-07  13:06:13
Firefox,Android(Playwright),https://msn.com,.channelnewsasia.com,_ga,/,Yes,False,False,2026-10-07  13:06:13
Firefox,Android(Playwright),https://msn.com,.channelnewsasia.com,_gid,/,Yes,False,False,2026-10-07  13:06:13
Firefox,Android(Playwright),https://msn.com,.channelnewsasia.com,_gat_UA-55184547-1,/,Yes,False,False,2026-10-07  13:06:13
Firefox,Android(Playwright),https://msn.com,.channelnewsasia.com,MeID_Seg,/,Yes,True,False,2026-10-07  13:06:13
Firefox,Android(Playwright),https://msn.com,.channelnewsasia.com,adtechTargetingKeys,/,Yes,True,False,2026-10-07  13:06:13
Firefox,Android(Playwright),https://msn.com,.channelnewsasia.com,_rdt_uuid,/,Yes,True,False,2026-10-07  13:06:13
Firefox,Android(Playwright),https://msn.com,www.channelnewsasia.com,nlbi_1015034_2147483392,/,No,False,True,2026-10-07  13:06:13
Firefox,Android(Playwright),https://msn.com,www.channelnewsasia.com,incap_ses_568_1015034,/,No,False,False,2026-10-07  13:06:13
Firefox,Android(Playwright),https://msn.com,.channelnewsasia.com,reese84,/,Yes,False,False,2026-10-07  13:06:13
Firefox,Android(Playwright),https://msn.com,.channelnewsasia.com,_tt_enable_cookie,/,Yes,False,False,2026-10-07  13:06:13
Firefox,Android(Playwright),https://msn.com,.channelnewsasia.com,_ttp,/,Yes,False,False,2026-10-07  13:06:13
Firefox,Android(Playwright),https://msn.com,.channelnewsasia.com,_gcl_au,/,Yes,False,False,2026-10-07  13:06:13
Firefox,Android(Playwright),https://msn.com,.channelnewsasia.com,ttcsid,/,Yes,False,False,2026-10-07  13:06:13
Firefox,Android(Playwright),https://msn.com,.channelnewsasia.com,ttcsid_CIIGQ1RC77UDH96VIQRG,/,Yes,False,False,2026-10-07  13:06:13
Firefox,Android(Playwright),https://msn.com,.channelnewsasia.com,_fbp,/,Yes,False,False,2026-10-07  13:06:13
Firefox,Android(Playwright),https://msn.com,.dailymail.com,AKA_A2,/,Yes,True,True,2026-10-07  13:06:13
Firefox,Android(Playwright),https://msn.com,.dailymail.com,bm_so,/,Yes,True,False,2026-10-07  13:06:13
Firefox,Android(Playwright),https://msn.com,.channelnewsasia.com,_ga_M37SY0BV84,/,Yes,False,False,2026-10-07  13:06:13
Firefox,Android(Playwright),https://msn.com,.linkedin.com,bcookie,/,Yes,True,False,2026-10-07  13:06:13
Firefox,Android(Playwright),https://msn.com,.linkedin.com,li_gc,/,Yes,True,False,2026-10-07  13:06:13
Firefox,Android(Playwright),https://msn.com,.linkedin.com,lidc,/,Yes,True,False,2026-10-07  13:06:13
Firefox,Android(Playwright),https://msn.com,.linkedin.com,__cf_bm,/,Yes,True,True,2026-10-07  13:06:13
Firefox,Android(Playwright),https://msn.com,.www.dailymail.com,bm_lso,/,Yes,False,False,2026-10-07  13:06:13
Firefox,Android(Playwright),https://msn.com,.dailymail.com,ak_bmsc,/,Yes,False,True,2026-10-07  13:06:13
Firefox,Android(Playwright),https://msn.com,.dailymail.com,bm_s,/,Yes,True,True,2026-10-07  13:06:13
Firefox,Android(Playwright),https://msn.com,.www.dailymail.com,gab,/,No,True,False,2026-10-07  13:06:13
Firefox,Android(Playwright),https://msn.com,www.dailymail.com,dm_clientsegment,/,Yes,False,False,2026-10-07  13:06:13
Firefox,Android(Playwright),https://msn.com,.dailymail.com,bm_sv,/,Yes,True,False,2026-10-07  13:06:13
Firefox,Android(Playwright),https://msn.com,.foxnews.com,FXN_flk,/,Yes,False,False,2026-10-07  13:06:13
Firefox,Android(Playwright),https://msn.com,.foxnews.com,EID,/,Yes,False,False,2026-10-07  13:06:13
Firefox,Android(Playwright),https://msn.com,.foxnews.com,kn_cs_visitor_id,/,Yes,True,False,2026-10-07  13:06:13
Firefox,Android(Playwright),https://msn.com,.foxnews.com,xid,/,Yes,True,False,2026-10-07  13:06:13
Firefox,Android(Playwright),https://msn.com,.foxnews.com,fn_wps_meta,/,Yes,False,False,2026-10-07  13:06:13
Firefox,Android(Playwright),https://msn.com,.foxnews.com,ab.storage.deviceId.275a5f1b-9bdf-455f-ba87-81c7b20ce830,/,Yes,False,False,2026-10-07  13:06:13
Firefox,Android(Playwright),https://msn.com,.foxnews.com,ab.storage.sessionId.275a5f1b-9bdf-455f-ba87-81c7b20ce830,/,Yes,False,False,2026-10-07  13:06:13
Firefox,Android(Playwright),https://msn.com,.foxnews.com,s_ecid,/,Yes,False,False,2026-10-07  13:06:13
Firefox,Android(Playwright),https://msn.com,.foxnews.com,AMCVS_17FC406C5357BA6E0A490D4D%40AdobeOrg,/,No,False,False,2026-10-07  13:06:13
Firefox,Android(Playwright),https://msn.com,.foxnews.com,AMCV_17FC406C5357BA6E0A490D4D%40AdobeOrg,/,Yes,False,False,2026-10-07  13:06:13
Firefox,Android(Playwright),https://msn.com,.foxnews.com,s_pers,/,Yes,False,False,2026-10-07  13:06:13
Firefox,Android(Playwright),https://msn.com,.foxnews.com,s_cc,/,No,False,False,2026-10-07  13:06:13
Firefox,Android(Playwright),https://msn.com,.knotch.it,visitor_id,/,Yes,True,True,2026-10-07  13:06:13
Firefox,Android(Playwright),https://msn.com,.knotch.it,optout,/,Yes,True,True,2026-10-07  13:06:13
Firefox,Android(Playwright),https://msn.com,.foxnews.com,s_sess,/,No,False,False,2026-10-07  13:06:13
Firefox,Android(Playwright),https://msn.com,.foxnews.com,AKA_A2,/,Yes,True,True,2026-10-07  13:06:13
Firefox,Android(Playwright),https://msn.com,.foxnews.com,foxkitEventServiceSessionData,/,Yes,False,False,2026-10-07  13:06:13
Firefox,Android(Playwright),https://msn.com,.foxnews.com,_foxid_busso,/,Yes,False,False,2026-10-07  13:06:13
Firefox,Android(Playwright),https://msn.com,.foxnews.com,UID_STATE,/,Yes,False,False,2026-10-07  13:06:13
Firefox,Android(Playwright),https://msn.com,www.msn.com,_C_Auth,/,No,False,False,2026-10-07  13:06:13
Firefox,Android(Playwright),https://msn.com,.msn.com,Web-User,/,Yes,True,True,2026-10-07  13:06:13
Firefox,Android(Playwright),https://msn.com,www.msn.com,sptmarket,/,Yes,False,False,2026-10-07  13:06:13
Firefox,Android(Playwright),https://msn.com,.msn.com,MUID,/,Yes,True,False,2026-10-07  13:06:13
Firefox,Android(Playwright),https://msn.com,www.msn.com,MUIDB,/,Yes,False,True,2026-10-07  13:06:13
Firefox,Android(Playwright),https://msn.com,.msn.com,_EDGE_S,/,No,True,True,2026-10-07  13:06:13
Firefox,Android(Playwright),https://msn.com,.msn.com,_EDGE_V,/,Yes,False,True,2026-10-07  13:06:13
Firefox,Android(Playwright),https://msn.com,.msn.com,USRLOC,/,Yes,True,True,2026-10-07  13:06:13
Firefox,Android(Playwright),https://msn.com,www.msn.com,MicrosoftApplicationsTelemetryDeviceId,/,Yes,True,False,2026-10-07  13:06:13
Firefox,Android(Playwright),https://msn.com,www.msn.com,ai_session,/,Yes,True,False,2026-10-07  13:06:13
Firefox,Android(Playwright),https://msn.com,.msn.com,msnup,/,Yes,True,True,2026-10-07  13:06:13
Firefox,Android(Playwright),https://msn.com,.msn.com,MUIDB,/,Yes,True,True,2026-10-07  13:06:13
Firefox,Android(Playwright),https://msn.com,www.msn.com,msal.cache.encryption,/,No,True,False,2026-10-07  13:06:13
Firefox,Android(Playwright),https://msn.com,.c.msn.com,SM,/,No,True,False,2026-10-07  13:06:13
Firefox,Android(Playwright),https://www.tiktok.com,assets.msn.com,_C_Auth,/service/news/feed/pages,No,False,False,2026-10-07  13:06:19
Firefox,Android(Playwright),https://www.tiktok.com,.msn.com,MUID,/service/news/feed/pages,No,True,False,2026-10-07  13:06:19
Firefox,Android(Playwright),https://www.tiktok.com,.msn.com,MUIDB,/service/news/feed/pages,No,True,False,2026-10-07  13:06:19
Firefox,Android(Playwright),https://www.tiktok.com,.youtube.com,__Secure-BUCKET,/,Yes,True,True,2026-10-07  13:06:19
Firefox,Android(Playwright),https://www.tiktok.com,.youtube.com,__Secure-YENID,/,Yes,True,True,2026-10-07  13:06:19
Firefox,Android(Playwright),https://www.tiktok.com,.youtube.com,YSC,/,No,True,True,2026-10-07  13:06:19
Firefox,Android(Playwright),https://www.tiktok.com,.youtube.com,__Secure-YEC,/,Yes,True,True,2026-10-07  13:06:19
Firefox,Android(Playwright),https://www.tiktok.com,.youtube.com,PREF,/,Yes,True,False,2026-10-07  13:06:19
Firefox,Android(Playwright),https://www.tiktok.com,.google.com,SOCS,/,Yes,True,False,2026-10-07  13:06:19
Firefox,Android(Playwright),https://www.tiktok.com,.google.com,SEARCH_SAMESITE,/,Yes,False,False,2026-10-07  13:06:19
Firefox,Android(Playwright),https://www.tiktok.com,.google.com,AEC,/,Yes,True,True,2026-10-07  13:06:19
Firefox,Android(Playwright),https://www.tiktok.com,.google.com,__Secure-ENID,/,Yes,True,True,2026-10-07  13:06:19
Firefox,Android(Playwright),https://www.tiktok.com,.bing.com,MUID,/,Yes,True,False,2026-10-07  13:06:19
Firefox,Android(Playwright),https://www.tiktok.com,bing.com,MUIDB,/,Yes,False,True,2026-10-07  13:06:19
Firefox,Android(Playwright),https://www.tiktok.com,.bing.com,_EDGE_S,/,No,False,True,2026-10-07  13:06:19
Firefox,Android(Playwright),https://www.tiktok.com,.bing.com,_EDGE_V,/,Yes,False,True,2026-10-07  13:06:19
Firefox,Android(Playwright),https://www.tiktok.com,www.bing.com,MUIDB,/,Yes,False,True,2026-10-07  13:06:19
Firefox,Android(Playwright),https://www.tiktok.com,www.bing.com,__Host-XY,/,Yes,True,True,2026-10-07  13:06:19
Firefox,Android(Playwright),https://www.tiktok.com,.bing.com,SRCHD,/,Yes,True,False,2026-10-07  13:06:19
Firefox,Android(Playwright),https://www.tiktok.com,.bing.com,SRCHUID,/,Yes,True,False,2026-10-07  13:06:19
Firefox,Android(Playwright),https://www.tiktok.com,.bing.com,_SS,/,No,True,False,2026-10-07  13:06:19
Firefox,Android(Playwright),https://www.tiktok.com,.bing.com,ak_bmsc,/,Yes,False,True,2026-10-07  13:06:19
Firefox,Android(Playwright),https://www.tiktok.com,.bing.com,SRCHUSR,/,Yes,True,False,2026-10-07  13:06:19
Firefox,Android(Playwright),https://www.tiktok.com,.bing.com,SRCHHPGUSR,/,Yes,True,False,2026-10-07  13:06:19
Firefox,Android(Playwright),https://www.tiktok.com,.bing.com,_HPVN,/,Yes,True,False,2026-10-07  13:06:19
Firefox,Android(Playwright),https://www.tiktok.com,www.bing.com,.MSA.Auth.Nonce.CfDJ8Pj64jZaZ_RFrelrus2TRABvdOF90qiOkmalVmbOt62qGitvMX2-2LKB9x-lt00nz4Zy03SKLXOwrWiRInPaxtvLyXSRZ2zsE7hXv906dO2jJRUbltYULAjD-SNNfcPl5Os_CxCQ4Dw826YS0hvA5GAKKJ4f87b3m_VOQdEBbvFCqQhekYGpVMrFBG_M8gCf9CUFFO8celeUvHv1LwOtCBGiuZHzsEGLA789CtdUCSI1o65JgeQsEXscsmb_Yd60Wef_FG_ngQJopDxDnemaKtc,/,Yes,True,True,2026-10-07  13:06:19
Firefox,Android(Playwright),https://www.tiktok.com,www.bing.com,.MSA.Auth.Correlation.7Vn6NIZYA06La5EjhFKi89f9bsxVLi30eQkKt741D-E,/,Yes,True,True,2026-10-07  13:06:19
Firefox,Android(Playwright),https://www.tiktok.com,.login.microsoftonline.com,esctx-M9DGCZ3ZQ,/,No,True,True,2026-10-07  13:06:19
Firefox,Android(Playwright),https://www.tiktok.com,login.microsoftonline.com,x-ms-gateway-slice,/,No,True,True,2026-10-07  13:06:19
Firefox,Android(Playwright),https://www.tiktok.com,login.microsoftonline.com,stsservicecookie,/,No,True,True,2026-10-07  13:06:19
Firefox,Android(Playwright),https://www.tiktok.com,.login.live.com,MSPRequ,/,No,True,True,2026-10-07  13:06:19
Firefox,Android(Playwright),https://www.tiktok.com,.login.live.com,uaid,/,No,True,True,2026-10-07  13:06:19
Firefox,Android(Playwright),https://www.tiktok.com,.login.live.com,OParams,/,No,True,True,2026-10-07  13:06:19
Firefox,Android(Playwright),https://www.tiktok.com,.login.live.com,MSPBack,/,No,True,False,2026-10-07  13:06:19
Firefox,Android(Playwright),https://www.tiktok.com,www.channelnewsasia.com,nlbi_1015034,/,No,False,True,2026-10-07  13:06:19
Firefox,Android(Playwright),https://www.tiktok.com,www.channelnewsasia.com,visid_incap_1015034,/,Yes,False,True,2026-10-07  13:06:19
Firefox,Android(Playwright),https://www.tiktok.com,www.channelnewsasia.com,incap_ses_537_1015034,/,No,False,False,2026-10-07  13:06:19
Firefox,Android(Playwright),https://www.tiktok.com,.demdex.net,demdex,/,Yes,True,False,2026-10-07  13:06:19
Firefox,Android(Playwright),https://www.tiktok.com,.channelnewsasia.com,AMCVS_B464317853A9C8390A490D4E%40AdobeOrg,/,No,False,False,2026-10-07  13:06:19
Firefox,Android(Playwright),https://www.tiktok.com,.channelnewsasia.com,AMCV_B464317853A9C8390A490D4E%40AdobeOrg,/,Yes,False,False,2026-10-07  13:06:19
Firefox,Android(Playwright),https://www.tiktok.com,.youtube.com,VISITOR_INFO1_LIVE,/,Yes,True,True,2026-10-07  13:06:19
Firefox,Android(Playwright),https://www.tiktok.com,.youtube.com,VISITOR_PRIVACY_METADATA,/,Yes,True,True,2026-10-07  13:06:19
Firefox,Android(Playwright),https://www.tiktok.com,recommend-zoom.mediacorp.sg,visid_incap_2389744,/,Yes,True,True,2026-10-07  13:06:19
Firefox,Android(Playwright),https://www.tiktok.com,recommend-zoom.mediacorp.sg,incap_ses_568_2389744,/,No,True,False,2026-10-07  13:06:19
Firefox,Android(Playwright),https://www.tiktok.com,www.channelnewsasia.com,incap_ses_553_1015034,/,No,False,False,2026-10-07  13:06:19
Firefox,Android(Playwright),https://www.tiktok.com,uid.mediacorp.sg,visid_incap_1641929,/,Yes,True,True,2026-10-07  13:06:19
Firefox,Android(Playwright),https://www.tiktok.com,uid.mediacorp.sg,incap_ses_553_1641929,/,No,True,False,2026-10-07  13:06:19
Firefox,Android(Playwright),https://www.tiktok.com,www.channelnewsasia.com,country_code,/,Yes,False,False,2026-10-07  13:06:19
Firefox,Android(Playwright),https://www.tiktok.com,www.channelnewsasia.com,ga_pageviews,/,Yes,False,False,2026-10-07  13:06:19
Firefox,Android(Playwright),https://www.tiktok.com,.youtube.com,__Secure-YNID,/,Yes,True,True,2026-10-07  13:06:19
Firefox,Android(Playwright),https://www.tiktok.com,.youtube.com,__Secure-ROLLOUT_TOKEN,/,Yes,True,True,2026-10-07  13:06:19
Firefox,Android(Playwright),https://www.tiktok.com,.channelnewsasia.com,UID,/,Yes,True,False,2026-10-07  13:06:19
Firefox,Android(Playwright),https://www.tiktok.com,www.channelnewsasia.com,UID,/,Yes,True,False,2026-10-07  13:06:19
Firefox,Android(Playwright),https://www.tiktok.com,.channelnewsasia.com,fastStartRead,/,No,False,False,2026-10-07  13:06:19
Firefox,Android(Playwright),https://www.tiktok.com,.mediacorp.sg,UID,/,Yes,True,True,2026-10-07  13:06:19
Firefox,Android(Playwright),https://www.tiktok.com,uid.mediacorp.sg,UIDPriorityDomain,/,Yes,True,True,2026-10-07  13:06:19
Firefox,Android(Playwright),https://www.tiktok.com,.tiktok.com,_ttp,/,Yes,True,False,2026-10-07  13:06:19
Firefox,Android(Playwright),https://www.tiktok.com,.channelnewsasia.com,_ga,/,Yes,False,False,2026-10-07  13:06:19
Firefox,Android(Playwright),https://www.tiktok.com,.channelnewsasia.com,_gid,/,Yes,False,False,2026-10-07  13:06:19
Firefox,Android(Playwright),https://www.tiktok.com,.channelnewsasia.com,_gat_UA-55184547-1,/,Yes,False,False,2026-10-07  13:06:19
Firefox,Android(Playwright),https://www.tiktok.com,.channelnewsasia.com,MeID_Seg,/,Yes,True,False,2026-10-07  13:06:19
Firefox,Android(Playwright),https://www.tiktok.com,.channelnewsasia.com,adtechTargetingKeys,/,Yes,True,False,2026-10-07  13:06:19
Firefox,Android(Playwright),https://www.tiktok.com,.channelnewsasia.com,_rdt_uuid,/,Yes,True,False,2026-10-07  13:06:19
Firefox,Android(Playwright),https://www.tiktok.com,www.channelnewsasia.com,nlbi_1015034_2147483392,/,No,False,True,2026-10-07  13:06:19
Firefox,Android(Playwright),https://www.tiktok.com,www.channelnewsasia.com,incap_ses_568_1015034,/,No,False,False,2026-10-07  13:06:19
Firefox,Android(Playwright),https://www.tiktok.com,.channelnewsasia.com,reese84,/,Yes,False,False,2026-10-07  13:06:19
Firefox,Android(Playwright),https://www.tiktok.com,.channelnewsasia.com,_tt_enable_cookie,/,Yes,False,False,2026-10-07  13:06:19
Firefox,Android(Playwright),https://www.tiktok.com,.channelnewsasia.com,_ttp,/,Yes,False,False,2026-10-07  13:06:19
Firefox,Android(Playwright),https://www.tiktok.com,.channelnewsasia.com,_gcl_au,/,Yes,False,False,2026-10-07  13:06:19
Firefox,Android(Playwright),https://www.tiktok.com,.channelnewsasia.com,ttcsid,/,Yes,False,False,2026-10-07  13:06:19
Firefox,Android(Playwright),https://www.tiktok.com,.channelnewsasia.com,ttcsid_CIIGQ1RC77UDH96VIQRG,/,Yes,False,False,2026-10-07  13:06:19
Firefox,Android(Playwright),https://www.tiktok.com,.channelnewsasia.com,_fbp,/,Yes,False,False,2026-10-07  13:06:19
Firefox,Android(Playwright),https://www.tiktok.com,.dailymail.com,AKA_A2,/,Yes,True,True,2026-10-07  13:06:19
Firefox,Android(Playwright),https://www.tiktok.com,.dailymail.com,bm_so,/,Yes,True,False,2026-10-07  13:06:19
Firefox,Android(Playwright),https://www.tiktok.com,.channelnewsasia.com,_ga_M37SY0BV84,/,Yes,False,False,2026-10-07  13:06:19
Firefox,Android(Playwright),https://www.tiktok.com,.linkedin.com,bcookie,/,Yes,True,False,2026-10-07  13:06:19
Firefox,Android(Playwright),https://www.tiktok.com,.linkedin.com,li_gc,/,Yes,True,False,2026-10-07  13:06:19
Firefox,Android(Playwright),https://www.tiktok.com,.linkedin.com,lidc,/,Yes,True,False,2026-10-07  13:06:19
Firefox,Android(Playwright),https://www.tiktok.com,.linkedin.com,__cf_bm,/,Yes,True,True,2026-10-07  13:06:19
Firefox,Android(Playwright),https://www.tiktok.com,.www.dailymail.com,bm_lso,/,Yes,False,False,2026-10-07  13:06:19
Firefox,Android(Playwright),https://www.tiktok.com,.dailymail.com,ak_bmsc,/,Yes,False,True,2026-10-07  13:06:19
Firefox,Android(Playwright),https://www.tiktok.com,.dailymail.com,bm_s,/,Yes,True,True,2026-10-07  13:06:19
Firefox,Android(Playwright),https://www.tiktok.com,.www.dailymail.com,gab,/,No,True,False,2026-10-07  13:06:19
Firefox,Android(Playwright),https://www.tiktok.com,www.dailymail.com,dm_clientsegment,/,Yes,False,False,2026-10-07  13:06:19
Firefox,Android(Playwright),https://www.tiktok.com,.dailymail.com,bm_sv,/,Yes,True,False,2026-10-07  13:06:19
Firefox,Android(Playwright),https://www.tiktok.com,.foxnews.com,FXN_flk,/,Yes,False,False,2026-10-07  13:06:19
Firefox,Android(Playwright),https://www.tiktok.com,.foxnews.com,EID,/,Yes,False,False,2026-10-07  13:06:19
Firefox,Android(Playwright),https://www.tiktok.com,.foxnews.com,kn_cs_visitor_id,/,Yes,True,False,2026-10-07  13:06:19
Firefox,Android(Playwright),https://www.tiktok.com,.foxnews.com,xid,/,Yes,True,False,2026-10-07  13:06:19
Firefox,Android(Playwright),https://www.tiktok.com,.foxnews.com,fn_wps_meta,/,Yes,False,False,2026-10-07  13:06:19
Firefox,Android(Playwright),https://www.tiktok.com,.foxnews.com,ab.storage.deviceId.275a5f1b-9bdf-455f-ba87-81c7b20ce830,/,Yes,False,False,2026-10-07  13:06:19
Firefox,Android(Playwright),https://www.tiktok.com,.foxnews.com,ab.storage.sessionId.275a5f1b-9bdf-455f-ba87-81c7b20ce830,/,Yes,False,False,2026-10-07  13:06:19
Firefox,Android(Playwright),https://www.tiktok.com,.foxnews.com,s_ecid,/,Yes,False,False,2026-10-07  13:06:19
Firefox,Android(Playwright),https://www.tiktok.com,.foxnews.com,AMCVS_17FC406C5357BA6E0A490D4D%40AdobeOrg,/,No,False,False,2026-10-07  13:06:19
Firefox,Android(Playwright),https://www.tiktok.com,.foxnews.com,AMCV_17FC406C5357BA6E0A490D4D%40AdobeOrg,/,Yes,False,False,2026-10-07  13:06:19
Firefox,Android(Playwright),https://www.tiktok.com,.foxnews.com,s_pers,/,Yes,False,False,2026-10-07  13:06:19
Firefox,Android(Playwright),https://www.tiktok.com,.foxnews.com,s_cc,/,No,False,False,2026-10-07  13:06:19
Firefox,Android(Playwright),https://www.tiktok.com,.knotch.it,visitor_id,/,Yes,True,True,2026-10-07  13:06:19
Firefox,Android(Playwright),https://www.tiktok.com,.knotch.it,optout,/,Yes,True,True,2026-10-07  13:06:19
Firefox,Android(Playwright),https://www.tiktok.com,.foxnews.com,s_sess,/,No,False,False,2026-10-07  13:06:19
Firefox,Android(Playwright),https://www.tiktok.com,.foxnews.com,AKA_A2,/,Yes,True,True,2026-10-07  13:06:19
Firefox,Android(Playwright),https://www.tiktok.com,.foxnews.com,foxkitEventServiceSessionData,/,Yes,False,False,2026-10-07  13:06:19
Firefox,Android(Playwright),https://www.tiktok.com,.foxnews.com,_foxid_busso,/,Yes,False,False,2026-10-07  13:06:19
Firefox,Android(Playwright),https://www.tiktok.com,.foxnews.com,UID_STATE,/,Yes,False,False,2026-10-07  13:06:19
Firefox,Android(Playwright),https://www.tiktok.com,www.msn.com,_C_Auth,/,No,False,False,2026-10-07  13:06:19
Firefox,Android(Playwright),https://www.tiktok.com,.msn.com,Web-User,/,Yes,True,True,2026-10-07  13:06:19
Firefox,Android(Playwright),https://www.tiktok.com,www.msn.com,sptmarket,/,Yes,False,False,2026-10-07  13:06:19
Firefox,Android(Playwright),https://www.tiktok.com,.msn.com,MUID,/,Yes,True,False,2026-10-07  13:06:19
Firefox,Android(Playwright),https://www.tiktok.com,www.msn.com,MUIDB,/,Yes,False,True,2026-10-07  13:06:19
Firefox,Android(Playwright),https://www.tiktok.com,.msn.com,_EDGE_S,/,No,True,True,2026-10-07  13:06:19
Firefox,Android(Playwright),https://www.tiktok.com,.msn.com,_EDGE_V,/,Yes,False,True,2026-10-07  13:06:19
Firefox,Android(Playwright),https://www.tiktok.com,.msn.com,USRLOC,/,Yes,True,True,2026-10-07  13:06:19
Firefox,Android(Playwright),https://www.tiktok.com,www.msn.com,MicrosoftApplicationsTelemetryDeviceId,/,Yes,True,False,2026-10-07  13:06:19
Firefox,Android(Playwright),https://www.tiktok.com,www.msn.com,ai_session,/,Yes,True,False,2026-10-07  13:06:19
Firefox,Android(Playwright),https://www.tiktok.com,.msn.com,msnup,/,Yes,True,True,2026-10-07  13:06:19
Firefox,Android(Playwright),https://www.tiktok.com,.msn.com,MUIDB,/,Yes,True,True,2026-10-07  13:06:19
Firefox,Android(Playwright),https://www.tiktok.com,www.msn.com,msal.cache.encryption,/,No,True,False,2026-10-07  13:06:19
Firefox,Android(Playwright),https://www.tiktok.com,.c.msn.com,SM,/,No,True,False,2026-10-07  13:06:19
Firefox,Android(Playwright),https://www.tiktok.com,login.microsoftonline.com,buid,/,Yes,True,True,2026-10-07  13:06:19
Firefox,Android(Playwright),https://www.tiktok.com,.login.microsoftonline.com,esctx,/,No,True,True,2026-10-07  13:06:19
Firefox,Android(Playwright),https://www.tiktok.com,.login.microsoftonline.com,esctx-cHJ3mmY0ZQ,/,No,True,True,2026-10-07  13:06:19
Firefox,Android(Playwright),https://www.tiktok.com,login.microsoftonline.com,fpc,/,Yes,True,True,2026-10-07  13:06:19
Firefox,Android(Playwright),https://www.tiktok.com,.tiktok.com,tt_csrf_token,/,No,True,True,2026-10-07  13:06:19
Firefox,Android(Playwright),https://www.tiktok.com,.tiktok.com,tt_chain_token,/,Yes,True,True,2026-10-07  13:06:19
Firefox,Android(Playwright),https://www.tiktok.com,.www.tiktok.com,tiktok_webapp_theme_source,/,Yes,True,False,2026-10-07  13:06:19
Firefox,Android(Playwright),https://www.tiktok.com,.www.tiktok.com,tiktok_webapp_theme,/,Yes,True,False,2026-10-07  13:06:19
Firefox,Android(Playwright),https://www.tiktok.com,.tiktok.com,ttwid,/,Yes,True,True,2026-10-07  13:06:19
Firefox,Android(Playwright),https://www.x.com,assets.msn.com,_C_Auth,/service/news/feed/pages,No,False,False,2026-10-07  13:06:26
Firefox,Android(Playwright),https://www.x.com,.msn.com,MUID,/service/news/feed/pages,No,True,False,2026-10-07  13:06:26
Firefox,Android(Playwright),https://www.x.com,.msn.com,MUIDB,/service/news/feed/pages,No,True,False,2026-10-07  13:06:26
Firefox,Android(Playwright),https://www.x.com,.youtube.com,__Secure-BUCKET,/,Yes,True,True,2026-10-07  13:06:26
Firefox,Android(Playwright),https://www.x.com,.youtube.com,__Secure-YENID,/,Yes,True,True,2026-10-07  13:06:26
Firefox,Android(Playwright),https://www.x.com,.youtube.com,YSC,/,No,True,True,2026-10-07  13:06:26
Firefox,Android(Playwright),https://www.x.com,.youtube.com,__Secure-YEC,/,Yes,True,True,2026-10-07  13:06:26
Firefox,Android(Playwright),https://www.x.com,.youtube.com,PREF,/,Yes,True,False,2026-10-07  13:06:26
Firefox,Android(Playwright),https://www.x.com,.google.com,SOCS,/,Yes,True,False,2026-10-07  13:06:26
Firefox,Android(Playwright),https://www.x.com,.google.com,SEARCH_SAMESITE,/,Yes,False,False,2026-10-07  13:06:26
Firefox,Android(Playwright),https://www.x.com,.google.com,AEC,/,Yes,True,True,2026-10-07  13:06:26
Firefox,Android(Playwright),https://www.x.com,.google.com,__Secure-ENID,/,Yes,True,True,2026-10-07  13:06:26
Firefox,Android(Playwright),https://www.x.com,.bing.com,MUID,/,Yes,True,False,2026-10-07  13:06:26
Firefox,Android(Playwright),https://www.x.com,bing.com,MUIDB,/,Yes,False,True,2026-10-07  13:06:26
Firefox,Android(Playwright),https://www.x.com,.bing.com,_EDGE_S,/,No,False,True,2026-10-07  13:06:26
Firefox,Android(Playwright),https://www.x.com,.bing.com,_EDGE_V,/,Yes,False,True,2026-10-07  13:06:26
Firefox,Android(Playwright),https://www.x.com,www.bing.com,MUIDB,/,Yes,False,True,2026-10-07  13:06:26
Firefox,Android(Playwright),https://www.x.com,www.bing.com,__Host-XY,/,Yes,True,True,2026-10-07  13:06:26
Firefox,Android(Playwright),https://www.x.com,.bing.com,SRCHD,/,Yes,True,False,2026-10-07  13:06:26
Firefox,Android(Playwright),https://www.x.com,.bing.com,SRCHUID,/,Yes,True,False,2026-10-07  13:06:26
Firefox,Android(Playwright),https://www.x.com,.bing.com,_SS,/,No,True,False,2026-10-07  13:06:26
Firefox,Android(Playwright),https://www.x.com,.bing.com,ak_bmsc,/,Yes,False,True,2026-10-07  13:06:26
Firefox,Android(Playwright),https://www.x.com,.bing.com,SRCHUSR,/,Yes,True,False,2026-10-07  13:06:26
Firefox,Android(Playwright),https://www.x.com,.bing.com,SRCHHPGUSR,/,Yes,True,False,2026-10-07  13:06:26
Firefox,Android(Playwright),https://www.x.com,.bing.com,_HPVN,/,Yes,True,False,2026-10-07  13:06:26
Firefox,Android(Playwright),https://www.x.com,www.bing.com,.MSA.Auth.Nonce.CfDJ8Pj64jZaZ_RFrelrus2TRABvdOF90qiOkmalVmbOt62qGitvMX2-2LKB9x-lt00nz4Zy03SKLXOwrWiRInPaxtvLyXSRZ2zsE7hXv906dO2jJRUbltYULAjD-SNNfcPl5Os_CxCQ4Dw826YS0hvA5GAKKJ4f87b3m_VOQdEBbvFCqQhekYGpVMrFBG_M8gCf9CUFFO8celeUvHv1LwOtCBGiuZHzsEGLA789CtdUCSI1o65JgeQsEXscsmb_Yd60Wef_FG_ngQJopDxDnemaKtc,/,Yes,True,True,2026-10-07  13:06:26
Firefox,Android(Playwright),https://www.x.com,www.bing.com,.MSA.Auth.Correlation.7Vn6NIZYA06La5EjhFKi89f9bsxVLi30eQkKt741D-E,/,Yes,True,True,2026-10-07  13:06:26
Firefox,Android(Playwright),https://www.x.com,.login.microsoftonline.com,esctx-M9DGCZ3ZQ,/,No,True,True,2026-10-07  13:06:26
Firefox,Android(Playwright),https://www.x.com,login.microsoftonline.com,x-ms-gateway-slice,/,No,True,True,2026-10-07  13:06:26
Firefox,Android(Playwright),https://www.x.com,login.microsoftonline.com,stsservicecookie,/,No,True,True,2026-10-07  13:06:26
Firefox,Android(Playwright),https://www.x.com,.login.live.com,MSPRequ,/,No,True,True,2026-10-07  13:06:26
Firefox,Android(Playwright),https://www.x.com,.login.live.com,uaid,/,No,True,True,2026-10-07  13:06:26
Firefox,Android(Playwright),https://www.x.com,.login.live.com,OParams,/,No,True,True,2026-10-07  13:06:26
Firefox,Android(Playwright),https://www.x.com,.login.live.com,MSPBack,/,No,True,False,2026-10-07  13:06:26
Firefox,Android(Playwright),https://www.x.com,www.channelnewsasia.com,nlbi_1015034,/,No,False,True,2026-10-07  13:06:26
Firefox,Android(Playwright),https://www.x.com,www.channelnewsasia.com,visid_incap_1015034,/,Yes,False,True,2026-10-07  13:06:26
Firefox,Android(Playwright),https://www.x.com,www.channelnewsasia.com,incap_ses_537_1015034,/,No,False,False,2026-10-07  13:06:26
Firefox,Android(Playwright),https://www.x.com,.demdex.net,demdex,/,Yes,True,False,2026-10-07  13:06:26
Firefox,Android(Playwright),https://www.x.com,.channelnewsasia.com,AMCVS_B464317853A9C8390A490D4E%40AdobeOrg,/,No,False,False,2026-10-07  13:06:26
Firefox,Android(Playwright),https://www.x.com,.channelnewsasia.com,AMCV_B464317853A9C8390A490D4E%40AdobeOrg,/,Yes,False,False,2026-10-07  13:06:26
Firefox,Android(Playwright),https://www.x.com,.youtube.com,VISITOR_INFO1_LIVE,/,Yes,True,True,2026-10-07  13:06:26
Firefox,Android(Playwright),https://www.x.com,.youtube.com,VISITOR_PRIVACY_METADATA,/,Yes,True,True,2026-10-07  13:06:26
Firefox,Android(Playwright),https://www.x.com,recommend-zoom.mediacorp.sg,visid_incap_2389744,/,Yes,True,True,2026-10-07  13:06:26
Firefox,Android(Playwright),https://www.x.com,recommend-zoom.mediacorp.sg,incap_ses_568_2389744,/,No,True,False,2026-10-07  13:06:26
Firefox,Android(Playwright),https://www.x.com,www.channelnewsasia.com,incap_ses_553_1015034,/,No,False,False,2026-10-07  13:06:26
Firefox,Android(Playwright),https://www.x.com,uid.mediacorp.sg,visid_incap_1641929,/,Yes,True,True,2026-10-07  13:06:26
Firefox,Android(Playwright),https://www.x.com,uid.mediacorp.sg,incap_ses_553_1641929,/,No,True,False,2026-10-07  13:06:26
Firefox,Android(Playwright),https://www.x.com,www.channelnewsasia.com,country_code,/,Yes,False,False,2026-10-07  13:06:26
Firefox,Android(Playwright),https://www.x.com,www.channelnewsasia.com,ga_pageviews,/,Yes,False,False,2026-10-07  13:06:26
Firefox,Android(Playwright),https://www.x.com,.youtube.com,__Secure-YNID,/,Yes,True,True,2026-10-07  13:06:26
Firefox,Android(Playwright),https://www.x.com,.youtube.com,__Secure-ROLLOUT_TOKEN,/,Yes,True,True,2026-10-07  13:06:26
Firefox,Android(Playwright),https://www.x.com,.channelnewsasia.com,UID,/,Yes,True,False,2026-10-07  13:06:26
Firefox,Android(Playwright),https://www.x.com,www.channelnewsasia.com,UID,/,Yes,True,False,2026-10-07  13:06:26
Firefox,Android(Playwright),https://www.x.com,.channelnewsasia.com,fastStartRead,/,No,False,False,2026-10-07  13:06:26
Firefox,Android(Playwright),https://www.x.com,.mediacorp.sg,UID,/,Yes,True,True,2026-10-07  13:06:26
Firefox,Android(Playwright),https://www.x.com,uid.mediacorp.sg,UIDPriorityDomain,/,Yes,True,True,2026-10-07  13:06:26
Firefox,Android(Playwright),https://www.x.com,.tiktok.com,_ttp,/,Yes,True,False,2026-10-07  13:06:26
Firefox,Android(Playwright),https://www.x.com,.channelnewsasia.com,_ga,/,Yes,False,False,2026-10-07  13:06:26
Firefox,Android(Playwright),https://www.x.com,.channelnewsasia.com,_gid,/,Yes,False,False,2026-10-07  13:06:26
Firefox,Android(Playwright),https://www.x.com,.channelnewsasia.com,_gat_UA-55184547-1,/,Yes,False,False,2026-10-07  13:06:26
Firefox,Android(Playwright),https://www.x.com,.channelnewsasia.com,MeID_Seg,/,Yes,True,False,2026-10-07  13:06:26
Firefox,Android(Playwright),https://www.x.com,.channelnewsasia.com,adtechTargetingKeys,/,Yes,True,False,2026-10-07  13:06:26
Firefox,Android(Playwright),https://www.x.com,.channelnewsasia.com,_rdt_uuid,/,Yes,True,False,2026-10-07  13:06:26
Firefox,Android(Playwright),https://www.x.com,www.channelnewsasia.com,nlbi_1015034_2147483392,/,No,False,True,2026-10-07  13:06:26
Firefox,Android(Playwright),https://www.x.com,www.channelnewsasia.com,incap_ses_568_1015034,/,No,False,False,2026-10-07  13:06:26
Firefox,Android(Playwright),https://www.x.com,.channelnewsasia.com,reese84,/,Yes,False,False,2026-10-07  13:06:26
Firefox,Android(Playwright),https://www.x.com,.channelnewsasia.com,_tt_enable_cookie,/,Yes,False,False,2026-10-07  13:06:26
Firefox,Android(Playwright),https://www.x.com,.channelnewsasia.com,_ttp,/,Yes,False,False,2026-10-07  13:06:26
Firefox,Android(Playwright),https://www.x.com,.channelnewsasia.com,_gcl_au,/,Yes,False,False,2026-10-07  13:06:26
Firefox,Android(Playwright),https://www.x.com,.channelnewsasia.com,ttcsid,/,Yes,False,False,2026-10-07  13:06:26
Firefox,Android(Playwright),https://www.x.com,.channelnewsasia.com,ttcsid_CIIGQ1RC77UDH96VIQRG,/,Yes,False,False,2026-10-07  13:06:26
Firefox,Android(Playwright),https://www.x.com,.channelnewsasia.com,_fbp,/,Yes,False,False,2026-10-07  13:06:26
Firefox,Android(Playwright),https://www.x.com,.dailymail.com,AKA_A2,/,Yes,True,True,2026-10-07  13:06:26
Firefox,Android(Playwright),https://www.x.com,.dailymail.com,bm_so,/,Yes,True,False,2026-10-07  13:06:26
Firefox,Android(Playwright),https://www.x.com,.channelnewsasia.com,_ga_M37SY0BV84,/,Yes,False,False,2026-10-07  13:06:26
Firefox,Android(Playwright),https://www.x.com,.linkedin.com,bcookie,/,Yes,True,False,2026-10-07  13:06:26
Firefox,Android(Playwright),https://www.x.com,.linkedin.com,li_gc,/,Yes,True,False,2026-10-07  13:06:26
Firefox,Android(Playwright),https://www.x.com,.linkedin.com,lidc,/,Yes,True,False,2026-10-07  13:06:26
Firefox,Android(Playwright),https://www.x.com,.linkedin.com,__cf_bm,/,Yes,True,True,2026-10-07  13:06:26
Firefox,Android(Playwright),https://www.x.com,.www.dailymail.com,bm_lso,/,Yes,False,False,2026-10-07  13:06:26
Firefox,Android(Playwright),https://www.x.com,.dailymail.com,ak_bmsc,/,Yes,False,True,2026-10-07  13:06:26
Firefox,Android(Playwright),https://www.x.com,.dailymail.com,bm_s,/,Yes,True,True,2026-10-07  13:06:26
Firefox,Android(Playwright),https://www.x.com,.www.dailymail.com,gab,/,No,True,False,2026-10-07  13:06:26
Firefox,Android(Playwright),https://www.x.com,www.dailymail.com,dm_clientsegment,/,Yes,False,False,2026-10-07  13:06:26
Firefox,Android(Playwright),https://www.x.com,.dailymail.com,bm_sv,/,Yes,True,False,2026-10-07  13:06:26
Firefox,Android(Playwright),https://www.x.com,.foxnews.com,FXN_flk,/,Yes,False,False,2026-10-07  13:06:26
Firefox,Android(Playwright),https://www.x.com,.foxnews.com,EID,/,Yes,False,False,2026-10-07  13:06:26
Firefox,Android(Playwright),https://www.x.com,.foxnews.com,kn_cs_visitor_id,/,Yes,True,False,2026-10-07  13:06:26
Firefox,Android(Playwright),https://www.x.com,.foxnews.com,xid,/,Yes,True,False,2026-10-07  13:06:26
Firefox,Android(Playwright),https://www.x.com,.foxnews.com,fn_wps_meta,/,Yes,False,False,2026-10-07  13:06:26
Firefox,Android(Playwright),https://www.x.com,.foxnews.com,ab.storage.deviceId.275a5f1b-9bdf-455f-ba87-81c7b20ce830,/,Yes,False,False,2026-10-07  13:06:26
Firefox,Android(Playwright),https://www.x.com,.foxnews.com,ab.storage.sessionId.275a5f1b-9bdf-455f-ba87-81c7b20ce830,/,Yes,False,False,2026-10-07  13:06:26
Firefox,Android(Playwright),https://www.x.com,.foxnews.com,s_ecid,/,Yes,False,False,2026-10-07  13:06:26
Firefox,Android(Playwright),https://www.x.com,.foxnews.com,AMCVS_17FC406C5357BA6E0A490D4D%40AdobeOrg,/,No,False,False,2026-10-07  13:06:26
Firefox,Android(Playwright),https://www.x.com,.foxnews.com,AMCV_17FC406C5357BA6E0A490D4D%40AdobeOrg,/,Yes,False,False,2026-10-07  13:06:26
Firefox,Android(Playwright),https://www.x.com,.foxnews.com,s_pers,/,Yes,False,False,2026-10-07  13:06:26
Firefox,Android(Playwright),https://www.x.com,.foxnews.com,s_cc,/,No,False,False,2026-10-07  13:06:26
Firefox,Android(Playwright),https://www.x.com,.knotch.it,visitor_id,/,Yes,True,True,2026-10-07  13:06:26
Firefox,Android(Playwright),https://www.x.com,.knotch.it,optout,/,Yes,True,True,2026-10-07  13:06:26
Firefox,Android(Playwright),https://www.x.com,.foxnews.com,s_sess,/,No,False,False,2026-10-07  13:06:26
Firefox,Android(Playwright),https://www.x.com,.foxnews.com,AKA_A2,/,Yes,True,True,2026-10-07  13:06:26
Firefox,Android(Playwright),https://www.x.com,.foxnews.com,foxkitEventServiceSessionData,/,Yes,False,False,2026-10-07  13:06:26
Firefox,Android(Playwright),https://www.x.com,.foxnews.com,_foxid_busso,/,Yes,False,False,2026-10-07  13:06:26
Firefox,Android(Playwright),https://www.x.com,.foxnews.com,UID_STATE,/,Yes,False,False,2026-10-07  13:06:26
Firefox,Android(Playwright),https://www.x.com,www.msn.com,_C_Auth,/,No,False,False,2026-10-07  13:06:26
Firefox,Android(Playwright),https://www.x.com,.msn.com,Web-User,/,Yes,True,True,2026-10-07  13:06:26
Firefox,Android(Playwright),https://www.x.com,www.msn.com,sptmarket,/,Yes,False,False,2026-10-07  13:06:26
Firefox,Android(Playwright),https://www.x.com,.msn.com,MUID,/,Yes,True,False,2026-10-07  13:06:26
Firefox,Android(Playwright),https://www.x.com,www.msn.com,MUIDB,/,Yes,False,True,2026-10-07  13:06:26
Firefox,Android(Playwright),https://www.x.com,.msn.com,_EDGE_S,/,No,True,True,2026-10-07  13:06:26
Firefox,Android(Playwright),https://www.x.com,.msn.com,_EDGE_V,/,Yes,False,True,2026-10-07  13:06:26
Firefox,Android(Playwright),https://www.x.com,.msn.com,USRLOC,/,Yes,True,True,2026-10-07  13:06:26
Firefox,Android(Playwright),https://www.x.com,www.msn.com,MicrosoftApplicationsTelemetryDeviceId,/,Yes,True,False,2026-10-07  13:06:26
Firefox,Android(Playwright),https://www.x.com,www.msn.com,ai_session,/,Yes,True,False,2026-10-07  13:06:26
Firefox,Android(Playwright),https://www.x.com,.msn.com,msnup,/,Yes,True,True,2026-10-07  13:06:26
Firefox,Android(Playwright),https://www.x.com,.msn.com,MUIDB,/,Yes,True,True,2026-10-07  13:06:26
Firefox,Android(Playwright),https://www.x.com,www.msn.com,msal.cache.encryption,/,No,True,False,2026-10-07  13:06:26
Firefox,Android(Playwright),https://www.x.com,.c.msn.com,SM,/,No,True,False,2026-10-07  13:06:26
Firefox,Android(Playwright),https://www.x.com,login.microsoftonline.com,buid,/,Yes,True,True,2026-10-07  13:06:26
Firefox,Android(Playwright),https://www.x.com,.login.microsoftonline.com,esctx,/,No,True,True,2026-10-07  13:06:26
Firefox,Android(Playwright),https://www.x.com,.login.microsoftonline.com,esctx-cHJ3mmY0ZQ,/,No,True,True,2026-10-07  13:06:26
Firefox,Android(Playwright),https://www.x.com,login.microsoftonline.com,fpc,/,Yes,True,True,2026-10-07  13:06:26
Firefox,Android(Playwright),https://www.x.com,.tiktok.com,tt_csrf_token,/,No,True,True,2026-10-07  13:06:26
Firefox,Android(Playwright),https://www.x.com,.tiktok.com,tt_chain_token,/,Yes,True,True,2026-10-07  13:06:26
Firefox,Android(Playwright),https://www.x.com,.www.tiktok.com,tiktok_webapp_theme_source,/,Yes,True,False,2026-10-07  13:06:26
Firefox,Android(Playwright),https://www.x.com,.www.tiktok.com,tiktok_webapp_theme,/,Yes,True,False,2026-10-07  13:06:26
Firefox,Android(Playwright),https://www.x.com,.tiktok.com,ttwid,/,Yes,True,True,2026-10-07  13:06:26
Firefox,Android(Playwright),https://www.x.com,.x.com,__cf_bm,/,Yes,True,True,2026-10-07  13:06:26
Firefox,Android(Playwright),https://www.x.com,.tiktok.com,msToken,/,Yes,True,False,2026-10-07  13:06:26
Firefox,Android(Playwright),https://www.x.com,.www.tiktok.com,perf_feed_cache,/,Yes,True,False,2026-10-07  13:06:26
Firefox,Android(Playwright),https://www.x.com,.tiktokw.eu,msToken,/,Yes,True,False,2026-10-07  13:06:26
Firefox,Android(Playwright),https://www.x.com,www.tiktok.com,msToken,/,Yes,False,False,2026-10-07  13:06:26
Firefox,Android(Playwright),https://www.x.com,.twitter.com,guest_id,/,Yes,True,False,2026-10-07  13:06:26
Firefox,Android(Playwright),https://www.x.com,.twitter.com,__cf_bm,/,Yes,True,True,2026-10-07  13:06:26
Firefox,Android(Playwright),https://www.x.com,.x.com,gt,/,Yes,True,False,2026-10-07  13:06:26
Firefox,Android(Playwright),https://www.x.com,.x.com,guest_id,/,Yes,True,False,2026-10-07  13:06:26
Firefox,Android(Playwright),https://www.x.com,x.com,__cuid,/,Yes,False,False,2026-10-07  13:06:26
Firefox,Android(Playwright),https://www.x.com,.x.com,__cuid,/,Yes,False,False,2026-10-07  13:06:26
Firefox,Android(Playwright),https://www.yahoo.com,assets.msn.com,_C_Auth,/service/news/feed/pages,No,False,False,2026-10-07  13:06:30
Firefox,Android(Playwright),https://www.yahoo.com,.msn.com,MUID,/service/news/feed/pages,No,True,False,2026-10-07  13:06:30
Firefox,Android(Playwright),https://www.yahoo.com,.msn.com,MUIDB,/service/news/feed/pages,No,True,False,2026-10-07  13:06:30
Firefox,Android(Playwright),https://www.yahoo.com,.youtube.com,__Secure-BUCKET,/,Yes,True,True,2026-10-07  13:06:30
Firefox,Android(Playwright),https://www.yahoo.com,.youtube.com,__Secure-YENID,/,Yes,True,True,2026-10-07  13:06:30
Firefox,Android(Playwright),https://www.yahoo.com,.youtube.com,YSC,/,No,True,True,2026-10-07  13:06:30
Firefox,Android(Playwright),https://www.yahoo.com,.youtube.com,__Secure-YEC,/,Yes,True,True,2026-10-07  13:06:30
Firefox,Android(Playwright),https://www.yahoo.com,.youtube.com,PREF,/,Yes,True,False,2026-10-07  13:06:30
Firefox,Android(Playwright),https://www.yahoo.com,.google.com,SOCS,/,Yes,True,False,2026-10-07  13:06:30
Firefox,Android(Playwright),https://www.yahoo.com,.google.com,SEARCH_SAMESITE,/,Yes,False,False,2026-10-07  13:06:30
Firefox,Android(Playwright),https://www.yahoo.com,.google.com,AEC,/,Yes,True,True,2026-10-07  13:06:30
Firefox,Android(Playwright),https://www.yahoo.com,.google.com,__Secure-ENID,/,Yes,True,True,2026-10-07  13:06:30
Firefox,Android(Playwright),https://www.yahoo.com,.bing.com,MUID,/,Yes,True,False,2026-10-07  13:06:30
Firefox,Android(Playwright),https://www.yahoo.com,bing.com,MUIDB,/,Yes,False,True,2026-10-07  13:06:30
Firefox,Android(Playwright),https://www.yahoo.com,.bing.com,_EDGE_S,/,No,False,True,2026-10-07  13:06:30
Firefox,Android(Playwright),https://www.yahoo.com,.bing.com,_EDGE_V,/,Yes,False,True,2026-10-07  13:06:30
Firefox,Android(Playwright),https://www.yahoo.com,www.bing.com,MUIDB,/,Yes,False,True,2026-10-07  13:06:30
Firefox,Android(Playwright),https://www.yahoo.com,www.bing.com,__Host-XY,/,Yes,True,True,2026-10-07  13:06:30
Firefox,Android(Playwright),https://www.yahoo.com,.bing.com,SRCHD,/,Yes,True,False,2026-10-07  13:06:30
Firefox,Android(Playwright),https://www.yahoo.com,.bing.com,SRCHUID,/,Yes,True,False,2026-10-07  13:06:30
Firefox,Android(Playwright),https://www.yahoo.com,.bing.com,_SS,/,No,True,False,2026-10-07  13:06:30
Firefox,Android(Playwright),https://www.yahoo.com,.bing.com,ak_bmsc,/,Yes,False,True,2026-10-07  13:06:30
Firefox,Android(Playwright),https://www.yahoo.com,.bing.com,SRCHUSR,/,Yes,True,False,2026-10-07  13:06:30
Firefox,Android(Playwright),https://www.yahoo.com,.bing.com,SRCHHPGUSR,/,Yes,True,False,2026-10-07  13:06:30
Firefox,Android(Playwright),https://www.yahoo.com,.bing.com,_HPVN,/,Yes,True,False,2026-10-07  13:06:30
Firefox,Android(Playwright),https://www.yahoo.com,www.bing.com,.MSA.Auth.Nonce.CfDJ8Pj64jZaZ_RFrelrus2TRABvdOF90qiOkmalVmbOt62qGitvMX2-2LKB9x-lt00nz4Zy03SKLXOwrWiRInPaxtvLyXSRZ2zsE7hXv906dO2jJRUbltYULAjD-SNNfcPl5Os_CxCQ4Dw826YS0hvA5GAKKJ4f87b3m_VOQdEBbvFCqQhekYGpVMrFBG_M8gCf9CUFFO8celeUvHv1LwOtCBGiuZHzsEGLA789CtdUCSI1o65JgeQsEXscsmb_Yd60Wef_FG_ngQJopDxDnemaKtc,/,Yes,True,True,2026-10-07  13:06:30
Firefox,Android(Playwright),https://www.yahoo.com,www.bing.com,.MSA.Auth.Correlation.7Vn6NIZYA06La5EjhFKi89f9bsxVLi30eQkKt741D-E,/,Yes,True,True,2026-10-07  13:06:30
Firefox,Android(Playwright),https://www.yahoo.com,.login.microsoftonline.com,esctx-M9DGCZ3ZQ,/,No,True,True,2026-10-07  13:06:30
Firefox,Android(Playwright),https://www.yahoo.com,login.microsoftonline.com,x-ms-gateway-slice,/,No,True,True,2026-10-07  13:06:30
Firefox,Android(Playwright),https://www.yahoo.com,login.microsoftonline.com,stsservicecookie,/,No,True,True,2026-10-07  13:06:30
Firefox,Android(Playwright),https://www.yahoo.com,.login.live.com,MSPRequ,/,No,True,True,2026-10-07  13:06:30
Firefox,Android(Playwright),https://www.yahoo.com,.login.live.com,uaid,/,No,True,True,2026-10-07  13:06:30
Firefox,Android(Playwright),https://www.yahoo.com,.login.live.com,OParams,/,No,True,True,2026-10-07  13:06:30
Firefox,Android(Playwright),https://www.yahoo.com,.login.live.com,MSPBack,/,No,True,False,2026-10-07  13:06:30
Firefox,Android(Playwright),https://www.yahoo.com,www.channelnewsasia.com,nlbi_1015034,/,No,False,True,2026-10-07  13:06:30
Firefox,Android(Playwright),https://www.yahoo.com,www.channelnewsasia.com,visid_incap_1015034,/,Yes,False,True,2026-10-07  13:06:30
Firefox,Android(Playwright),https://www.yahoo.com,www.channelnewsasia.com,incap_ses_537_1015034,/,No,False,False,2026-10-07  13:06:30
Firefox,Android(Playwright),https://www.yahoo.com,.demdex.net,demdex,/,Yes,True,False,2026-10-07  13:06:30
Firefox,Android(Playwright),https://www.yahoo.com,.channelnewsasia.com,AMCVS_B464317853A9C8390A490D4E%40AdobeOrg,/,No,False,False,2026-10-07  13:06:30
Firefox,Android(Playwright),https://www.yahoo.com,.channelnewsasia.com,AMCV_B464317853A9C8390A490D4E%40AdobeOrg,/,Yes,False,False,2026-10-07  13:06:30
Firefox,Android(Playwright),https://www.yahoo.com,.youtube.com,VISITOR_INFO1_LIVE,/,Yes,True,True,2026-10-07  13:06:30
Firefox,Android(Playwright),https://www.yahoo.com,.youtube.com,VISITOR_PRIVACY_METADATA,/,Yes,True,True,2026-10-07  13:06:30
Firefox,Android(Playwright),https://www.yahoo.com,recommend-zoom.mediacorp.sg,visid_incap_2389744,/,Yes,True,True,2026-10-07  13:06:30
Firefox,Android(Playwright),https://www.yahoo.com,recommend-zoom.mediacorp.sg,incap_ses_568_2389744,/,No,True,False,2026-10-07  13:06:30
Firefox,Android(Playwright),https://www.yahoo.com,www.channelnewsasia.com,incap_ses_553_1015034,/,No,False,False,2026-10-07  13:06:30
Firefox,Android(Playwright),https://www.yahoo.com,uid.mediacorp.sg,visid_incap_1641929,/,Yes,True,True,2026-10-07  13:06:30
Firefox,Android(Playwright),https://www.yahoo.com,uid.mediacorp.sg,incap_ses_553_1641929,/,No,True,False,2026-10-07  13:06:30
Firefox,Android(Playwright),https://www.yahoo.com,www.channelnewsasia.com,country_code,/,Yes,False,False,2026-10-07  13:06:30
Firefox,Android(Playwright),https://www.yahoo.com,www.channelnewsasia.com,ga_pageviews,/,Yes,False,False,2026-10-07  13:06:30
Firefox,Android(Playwright),https://www.yahoo.com,.youtube.com,__Secure-YNID,/,Yes,True,True,2026-10-07  13:06:30
Firefox,Android(Playwright),https://www.yahoo.com,.youtube.com,__Secure-ROLLOUT_TOKEN,/,Yes,True,True,2026-10-07  13:06:30
Firefox,Android(Playwright),https://www.yahoo.com,.channelnewsasia.com,UID,/,Yes,True,False,2026-10-07  13:06:30
Firefox,Android(Playwright),https://www.yahoo.com,www.channelnewsasia.com,UID,/,Yes,True,False,2026-10-07  13:06:30
Firefox,Android(Playwright),https://www.yahoo.com,.channelnewsasia.com,fastStartRead,/,No,False,False,2026-10-07  13:06:30
Firefox,Android(Playwright),https://www.yahoo.com,.mediacorp.sg,UID,/,Yes,True,True,2026-10-07  13:06:30
Firefox,Android(Playwright),https://www.yahoo.com,uid.mediacorp.sg,UIDPriorityDomain,/,Yes,True,True,2026-10-07  13:06:30
Firefox,Android(Playwright),https://www.yahoo.com,.tiktok.com,_ttp,/,Yes,True,False,2026-10-07  13:06:30
Firefox,Android(Playwright),https://www.yahoo.com,.channelnewsasia.com,_ga,/,Yes,False,False,2026-10-07  13:06:30
Firefox,Android(Playwright),https://www.yahoo.com,.channelnewsasia.com,_gid,/,Yes,False,False,2026-10-07  13:06:30
Firefox,Android(Playwright),https://www.yahoo.com,.channelnewsasia.com,_gat_UA-55184547-1,/,Yes,False,False,2026-10-07  13:06:30
Firefox,Android(Playwright),https://www.yahoo.com,.channelnewsasia.com,MeID_Seg,/,Yes,True,False,2026-10-07  13:06:30
Firefox,Android(Playwright),https://www.yahoo.com,.channelnewsasia.com,adtechTargetingKeys,/,Yes,True,False,2026-10-07  13:06:30
Firefox,Android(Playwright),https://www.yahoo.com,.channelnewsasia.com,_rdt_uuid,/,Yes,True,False,2026-10-07  13:06:30
Firefox,Android(Playwright),https://www.yahoo.com,www.channelnewsasia.com,nlbi_1015034_2147483392,/,No,False,True,2026-10-07  13:06:30
Firefox,Android(Playwright),https://www.yahoo.com,www.channelnewsasia.com,incap_ses_568_1015034,/,No,False,False,2026-10-07  13:06:30
Firefox,Android(Playwright),https://www.yahoo.com,.channelnewsasia.com,reese84,/,Yes,False,False,2026-10-07  13:06:30
Firefox,Android(Playwright),https://www.yahoo.com,.channelnewsasia.com,_tt_enable_cookie,/,Yes,False,False,2026-10-07  13:06:30
Firefox,Android(Playwright),https://www.yahoo.com,.channelnewsasia.com,_ttp,/,Yes,False,False,2026-10-07  13:06:30
Firefox,Android(Playwright),https://www.yahoo.com,.channelnewsasia.com,_gcl_au,/,Yes,False,False,2026-10-07  13:06:30
Firefox,Android(Playwright),https://www.yahoo.com,.channelnewsasia.com,ttcsid,/,Yes,False,False,2026-10-07  13:06:30
Firefox,Android(Playwright),https://www.yahoo.com,.channelnewsasia.com,ttcsid_CIIGQ1RC77UDH96VIQRG,/,Yes,False,False,2026-10-07  13:06:30
Firefox,Android(Playwright),https://www.yahoo.com,.channelnewsasia.com,_fbp,/,Yes,False,False,2026-10-07  13:06:30
Firefox,Android(Playwright),https://www.yahoo.com,.dailymail.com,AKA_A2,/,Yes,True,True,2026-10-07  13:06:30
Firefox,Android(Playwright),https://www.yahoo.com,.dailymail.com,bm_so,/,Yes,True,False,2026-10-07  13:06:30
Firefox,Android(Playwright),https://www.yahoo.com,.channelnewsasia.com,_ga_M37SY0BV84,/,Yes,False,False,2026-10-07  13:06:30
Firefox,Android(Playwright),https://www.yahoo.com,.linkedin.com,bcookie,/,Yes,True,False,2026-10-07  13:06:30
Firefox,Android(Playwright),https://www.yahoo.com,.linkedin.com,li_gc,/,Yes,True,False,2026-10-07  13:06:30
Firefox,Android(Playwright),https://www.yahoo.com,.linkedin.com,lidc,/,Yes,True,False,2026-10-07  13:06:30
Firefox,Android(Playwright),https://www.yahoo.com,.linkedin.com,__cf_bm,/,Yes,True,True,2026-10-07  13:06:30
Firefox,Android(Playwright),https://www.yahoo.com,.www.dailymail.com,bm_lso,/,Yes,False,False,2026-10-07  13:06:30
Firefox,Android(Playwright),https://www.yahoo.com,.dailymail.com,ak_bmsc,/,Yes,False,True,2026-10-07  13:06:30
Firefox,Android(Playwright),https://www.yahoo.com,.dailymail.com,bm_s,/,Yes,True,True,2026-10-07  13:06:30
Firefox,Android(Playwright),https://www.yahoo.com,.www.dailymail.com,gab,/,No,True,False,2026-10-07  13:06:30
Firefox,Android(Playwright),https://www.yahoo.com,www.dailymail.com,dm_clientsegment,/,Yes,False,False,2026-10-07  13:06:30
Firefox,Android(Playwright),https://www.yahoo.com,.dailymail.com,bm_sv,/,Yes,True,False,2026-10-07  13:06:30
Firefox,Android(Playwright),https://www.yahoo.com,.foxnews.com,FXN_flk,/,Yes,False,False,2026-10-07  13:06:30
Firefox,Android(Playwright),https://www.yahoo.com,.foxnews.com,EID,/,Yes,False,False,2026-10-07  13:06:30
Firefox,Android(Playwright),https://www.yahoo.com,.foxnews.com,kn_cs_visitor_id,/,Yes,True,False,2026-10-07  13:06:30
Firefox,Android(Playwright),https://www.yahoo.com,.foxnews.com,xid,/,Yes,True,False,2026-10-07  13:06:30
Firefox,Android(Playwright),https://www.yahoo.com,.foxnews.com,fn_wps_meta,/,Yes,False,False,2026-10-07  13:06:30
Firefox,Android(Playwright),https://www.yahoo.com,.foxnews.com,ab.storage.deviceId.275a5f1b-9bdf-455f-ba87-81c7b20ce830,/,Yes,False,False,2026-10-07  13:06:30
Firefox,Android(Playwright),https://www.yahoo.com,.foxnews.com,ab.storage.sessionId.275a5f1b-9bdf-455f-ba87-81c7b20ce830,/,Yes,False,False,2026-10-07  13:06:30
Firefox,Android(Playwright),https://www.yahoo.com,.foxnews.com,s_ecid,/,Yes,False,False,2026-10-07  13:06:30
Firefox,Android(Playwright),https://www.yahoo.com,.foxnews.com,AMCVS_17FC406C5357BA6E0A490D4D%40AdobeOrg,/,No,False,False,2026-10-07  13:06:30
Firefox,Android(Playwright),https://www.yahoo.com,.foxnews.com,AMCV_17FC406C5357BA6E0A490D4D%40AdobeOrg,/,Yes,False,False,2026-10-07  13:06:30
Firefox,Android(Playwright),https://www.yahoo.com,.foxnews.com,s_pers,/,Yes,False,False,2026-10-07  13:06:30
Firefox,Android(Playwright),https://www.yahoo.com,.foxnews.com,s_cc,/,No,False,False,2026-10-07  13:06:30
Firefox,Android(Playwright),https://www.yahoo.com,.knotch.it,visitor_id,/,Yes,True,True,2026-10-07  13:06:30
Firefox,Android(Playwright),https://www.yahoo.com,.knotch.it,optout,/,Yes,True,True,2026-10-07  13:06:30
Firefox,Android(Playwright),https://www.yahoo.com,.foxnews.com,s_sess,/,No,False,False,2026-10-07  13:06:30
Firefox,Android(Playwright),https://www.yahoo.com,.foxnews.com,AKA_A2,/,Yes,True,True,2026-10-07  13:06:30
Firefox,Android(Playwright),https://www.yahoo.com,.foxnews.com,foxkitEventServiceSessionData,/,Yes,False,False,2026-10-07  13:06:30
Firefox,Android(Playwright),https://www.yahoo.com,.foxnews.com,_foxid_busso,/,Yes,False,False,2026-10-07  13:06:30
Firefox,Android(Playwright),https://www.yahoo.com,.foxnews.com,UID_STATE,/,Yes,False,False,2026-10-07  13:06:30
Firefox,Android(Playwright),https://www.yahoo.com,www.msn.com,_C_Auth,/,No,False,False,2026-10-07  13:06:30
Firefox,Android(Playwright),https://www.yahoo.com,.msn.com,Web-User,/,Yes,True,True,2026-10-07  13:06:30
Firefox,Android(Playwright),https://www.yahoo.com,www.msn.com,sptmarket,/,Yes,False,False,2026-10-07  13:06:30
Firefox,Android(Playwright),https://www.yahoo.com,.msn.com,MUID,/,Yes,True,False,2026-10-07  13:06:30
Firefox,Android(Playwright),https://www.yahoo.com,www.msn.com,MUIDB,/,Yes,False,True,2026-10-07  13:06:30
Firefox,Android(Playwright),https://www.yahoo.com,.msn.com,_EDGE_S,/,No,True,True,2026-10-07  13:06:30
Firefox,Android(Playwright),https://www.yahoo.com,.msn.com,_EDGE_V,/,Yes,False,True,2026-10-07  13:06:30
Firefox,Android(Playwright),https://www.yahoo.com,.msn.com,USRLOC,/,Yes,True,True,2026-10-07  13:06:30
Firefox,Android(Playwright),https://www.yahoo.com,www.msn.com,MicrosoftApplicationsTelemetryDeviceId,/,Yes,True,False,2026-10-07  13:06:30
Firefox,Android(Playwright),https://www.yahoo.com,www.msn.com,ai_session,/,Yes,True,False,2026-10-07  13:06:30
Firefox,Android(Playwright),https://www.yahoo.com,.msn.com,msnup,/,Yes,True,True,2026-10-07  13:06:30
Firefox,Android(Playwright),https://www.yahoo.com,.msn.com,MUIDB,/,Yes,True,True,2026-10-07  13:06:30
Firefox,Android(Playwright),https://www.yahoo.com,www.msn.com,msal.cache.encryption,/,No,True,False,2026-10-07  13:06:30
Firefox,Android(Playwright),https://www.yahoo.com,.c.msn.com,SM,/,No,True,False,2026-10-07  13:06:30
Firefox,Android(Playwright),https://www.yahoo.com,login.microsoftonline.com,buid,/,Yes,True,True,2026-10-07  13:06:30
Firefox,Android(Playwright),https://www.yahoo.com,.login.microsoftonline.com,esctx,/,No,True,True,2026-10-07  13:06:30
Firefox,Android(Playwright),https://www.yahoo.com,.login.microsoftonline.com,esctx-cHJ3mmY0ZQ,/,No,True,True,2026-10-07  13:06:30
Firefox,Android(Playwright),https://www.yahoo.com,login.microsoftonline.com,fpc,/,Yes,True,True,2026-10-07  13:06:30
Firefox,Android(Playwright),https://www.yahoo.com,.tiktok.com,tt_csrf_token,/,No,True,True,2026-10-07  13:06:30
Firefox,Android(Playwright),https://www.yahoo.com,.tiktok.com,tt_chain_token,/,Yes,True,True,2026-10-07  13:06:30
Firefox,Android(Playwright),https://www.yahoo.com,.www.tiktok.com,tiktok_webapp_theme_source,/,Yes,True,False,2026-10-07  13:06:30
Firefox,Android(Playwright),https://www.yahoo.com,.www.tiktok.com,tiktok_webapp_theme,/,Yes,True,False,2026-10-07  13:06:30
Firefox,Android(Playwright),https://www.yahoo.com,.tiktok.com,ttwid,/,Yes,True,True,2026-10-07  13:06:30
Firefox,Android(Playwright),https://www.yahoo.com,.x.com,__cf_bm,/,Yes,True,True,2026-10-07  13:06:30
Firefox,Android(Playwright),https://www.yahoo.com,.tiktok.com,msToken,/,Yes,True,False,2026-10-07  13:06:30
Firefox,Android(Playwright),https://www.yahoo.com,.www.tiktok.com,perf_feed_cache,/,Yes,True,False,2026-10-07  13:06:30
Firefox,Android(Playwright),https://www.yahoo.com,.tiktokw.eu,msToken,/,Yes,True,False,2026-10-07  13:06:30
Firefox,Android(Playwright),https://www.yahoo.com,www.tiktok.com,msToken,/,Yes,False,False,2026-10-07  13:06:30
Firefox,Android(Playwright),https://www.yahoo.com,.twitter.com,guest_id,/,Yes,True,False,2026-10-07  13:06:30
Firefox,Android(Playwright),https://www.yahoo.com,.twitter.com,__cf_bm,/,Yes,True,True,2026-10-07  13:06:30
Firefox,Android(Playwright),https://www.yahoo.com,.x.com,gt,/,Yes,True,False,2026-10-07  13:06:30
Firefox,Android(Playwright),https://www.yahoo.com,.x.com,guest_id,/,Yes,True,False,2026-10-07  13:06:30
Firefox,Android(Playwright),https://www.yahoo.com,x.com,__cuid,/,Yes,False,False,2026-10-07  13:06:30
Firefox,Android(Playwright),https://www.yahoo.com,.x.com,__cuid,/,Yes,False,False,2026-10-07  13:06:30
Firefox,Android(Playwright),https://www.yahoo.com,.yahoo.com,A1,/,Yes,True,True,2026-10-07  13:06:30
Firefox,Android(Playwright),https://www.yahoo.com,.yahoo.com,A3,/,Yes,True,True,2026-10-07  13:06:30
Firefox,Android(Playwright),https://www.yahoo.com,.yahoo.com,A1S,/,No,True,False,2026-10-07  13:06:30
Firefox,Android(Playwright),https://www.yahoo.com,.yahoo.com,_ebd,/,Yes,True,False,2026-10-07  13:06:30
Firefox,Android(Playwright),https://www.yahoo.com,.yahoo.com,apeaf,/,Yes,False,False,2026-10-07  13:06:30
Firefox,Android(Playwright),https://www.yahoo.com,nexus-gateway-prod.media.yahoo.com,AWSALBTG,/,Yes,False,False,2026-10-07  13:06:30
Firefox,Android(Playwright),https://www.yahoo.com,nexus-gateway-prod.media.yahoo.com,AWSALBTGCORS,/,Yes,True,False,2026-10-07  13:06:30
